-- Generated by Craft v2.6.3010 on Mar 2, 2018, 5:51:55 PM.

--
-- Disable foreign key checks and autocommit.
--

SET FOREIGN_KEY_CHECKS = 0;
SET SQL_MODE = "NO_AUTO_VALUE_ON_ZERO";
SET AUTOCOMMIT = 0;
SET NAMES utf8;


DROP TABLE IF EXISTS `craft_assetfiles`;


--
-- Schema for table `craft_assetfiles`
--
CREATE TABLE `craft_assetfiles` (
  `id` int(11) NOT NULL,
  `sourceId` int(11) DEFAULT NULL,
  `folderId` int(11) NOT NULL,
  `filename` varchar(255) COLLATE utf8_unicode_ci NOT NULL,
  `kind` varchar(50) COLLATE utf8_unicode_ci NOT NULL DEFAULT 'unknown',
  `width` int(11) unsigned DEFAULT NULL,
  `height` int(11) unsigned DEFAULT NULL,
  `size` bigint(20) unsigned DEFAULT NULL,
  `dateModified` datetime DEFAULT NULL,
  `dateCreated` datetime NOT NULL,
  `dateUpdated` datetime NOT NULL,
  `uid` char(36) COLLATE utf8_unicode_ci NOT NULL DEFAULT '0',
  PRIMARY KEY (`id`),
  UNIQUE KEY `craft_assetfiles_filename_folderId_unq_idx` (`filename`,`folderId`),
  KEY `craft_assetfiles_sourceId_fk` (`sourceId`),
  KEY `craft_assetfiles_folderId_fk` (`folderId`)
) ENGINE=InnoDB DEFAULT CHARSET=utf8 COLLATE=utf8_unicode_ci;

--
-- Data for table `craft_assetfiles`
--

INSERT INTO `craft_assetfiles` (`id`, `sourceId`, `folderId`, `filename`, `kind`, `width`, `height`, `size`, `dateModified`, `dateCreated`, `dateUpdated`, `uid`) VALUES
 ('8', '1', '1', 'expedition-antarctica-storming-castles-conrad-basecamp.adapt.1900.1.jpg', 'image', '1900', '1268', '280809', '2018-03-01 01:29:13', '2018-03-01 01:29:13', '2018-03-01 01:29:13', 'e2141db7-89c3-4079-80d2-1ba171271019'),
 ('9', '1', '1', '20111101_Meru-1386.jpg', 'image', '1920', '1280', '1733089', '2018-03-01 01:29:53', '2018-03-01 01:29:53', '2018-03-01 01:29:53', '439af62a-ed0e-4064-a02e-0eb142f302eb'),
 ('10', '1', '1', '20111101_Meru-1386_compressed.jpg', 'image', '1920', '1280', '434515', '2018-03-01 01:30:35', '2018-03-01 01:30:35', '2018-03-01 01:30:35', '555e1c1b-35d6-4d3b-a13c-f2d100ace7f2'),
 ('11', '1', '1', 'Thompson_Hyaltite-canyon-Conrad-anker_1.jpg', 'image', '1800', '1200', '962964', '2018-03-01 01:31:35', '2018-03-01 01:31:35', '2018-03-01 01:31:35', '06c73632-2117-4255-8445-9b2c49af0a9e'),
 ('12', '1', '1', 'maxresdefault.jpg', 'image', '1280', '720', '201088', '2018-03-01 01:35:06', '2018-03-01 01:35:06', '2018-03-01 01:35:06', '34bea363-75af-4880-ae1e-e58c0926254a'),
 ('17', '1', '1', 'everest-summit.jpg', 'image', '4224', '2376', '4083991', '2018-03-01 01:35:57', '2018-03-01 01:35:57', '2018-03-01 01:35:57', '2b605e28-7216-498c-9162-3331ff1c4233'),
 ('19', '1', '1', 'jimmy-chin-photography.jpg', 'image', '1500', '947', '156235', '2018-03-01 01:42:46', '2018-03-01 01:42:46', '2018-03-01 01:42:46', '3800f1b2-2564-4f0c-961d-a15b3966d355'),
 ('20', '1', '1', '1280531658-lewinter_nepal_20100508_070208.jpg', 'image', '500', '333', '51502', '2018-03-01 01:43:29', '2018-03-01 01:43:29', '2018-03-01 01:43:29', 'a6310fd7-86d3-43dd-85ae-efae6085de59'),
 ('21', '1', '1', 'meru-ozturk-camp_h.jpg', 'image', '1200', '675', '195728', '2018-03-01 01:44:09', '2018-03-01 01:44:09', '2018-03-01 01:44:09', '051c550a-8d52-4c5e-994a-b2c2d67a81a8'),
 ('22', '1', '1', '6905778184_d36705457b_b.jpg', 'image', '853', '640', '94559', '2018-03-01 01:44:32', '2018-03-01 01:44:32', '2018-03-01 01:44:32', '94673a7b-b27c-4cfb-aad7-4c2c85d7a5bb'),
 ('33', '1', '1', 'Haines_251.jpg', 'image', '900', '600', '133804', '2018-03-01 01:53:29', '2018-03-01 01:53:29', '2018-03-01 01:53:29', 'c3bbb679-26cd-4a3e-a73f-8f65db2fcae7'),
 ('34', '1', '1', 'alexlowe.jpg', 'image', '1440', '810', '524321', '2018-03-01 01:54:32', '2018-03-01 01:54:32', '2018-03-01 01:54:32', '8ee2f99e-31db-4c25-a45a-1d558e7bb4ec'),
 ('35', '1', '1', 'conrad.jpg', 'image', '500', '500', '51544', '2018-03-01 02:02:20', '2018-03-01 02:02:20', '2018-03-01 02:02:20', '69dfb4b9-1dd9-4f85-bd9c-7c03731c6713'),
 ('36', '1', '1', 'pamela.jpg', 'image', '512', '511', '89586', '2018-03-01 02:02:36', '2018-03-01 02:02:36', '2018-03-01 02:02:36', '22473604-8a9a-4d44-9ce9-61fbaee38c28'),
 ('37', '1', '1', 'ben-ende.jpg', 'image', '377', '377', '29687', '2018-03-01 02:02:54', '2018-03-01 02:02:54', '2018-03-01 02:02:54', '62fce43c-b79a-41e4-ae92-8e5b930e086d'),
 ('38', '1', '1', 'johnathan-retseck.jpg', 'image', '200', '200', '11469', '2018-03-01 02:03:41', '2018-03-01 02:03:41', '2018-03-01 02:03:41', '398bfaef-4531-4cf8-8e45-514410461cc0'),
 ('39', '1', '1', 'jonathan-retseck.jpg', 'image', '200', '200', '11469', '2018-03-01 02:03:59', '2018-03-01 02:03:59', '2018-03-01 02:03:59', 'adbbbf55-585e-4e45-b958-aa73a00cf88e'),
 ('52', '1', '1', 'Conrad_Anker_-_2016.jpg', 'image', '1702', '1863', '2170769', '2018-03-01 02:09:11', '2018-03-01 02:09:12', '2018-03-01 02:09:12', 'e4d22405-ead5-4873-b8fa-52a4afe3a3e4'),
 ('53', '1', '1', 'apple_logo.png', 'image', '500', '500', '10647', '2018-03-01 02:09:23', '2018-03-01 02:09:23', '2018-03-01 02:09:23', '1f25e93b-f100-472d-9b22-3fc56c3b7335'),
 ('54', '1', '1', 'photographer-max-lowe.jpg', 'image', '1500', '1010', '133660', '2018-03-01 02:09:41', '2018-03-01 02:09:41', '2018-03-01 02:09:41', '92849354-54a0-4ef1-84b5-e636c68932e4'),
 ('55', '1', '1', 'google_logo.png', 'image', '500', '177', '12126', '2018-03-01 02:09:54', '2018-03-01 02:09:54', '2018-03-01 02:09:54', '372f2183-a6ef-42e4-8ab0-965ff150dca8'),
 ('56', '1', '1', 'anker-commencement-speech-1.jpg', 'image', '1200', '800', '609413', '2018-03-01 02:11:07', '2018-03-01 02:11:07', '2018-03-01 02:11:07', '071f1bf3-dfaf-4318-97ba-9ff23136da9d'),
 ('57', '1', '1', 'utah_logo.png', 'image', '500', '140', '10345', '2018-03-01 02:11:17', '2018-03-01 02:11:17', '2018-03-01 02:11:17', 'cbedbadd-4ef7-4189-a4f3-a56058d8bbf8'),
 ('58', '1', '1', 'Conrad_Anker_Profile.jpg', 'image', '2048', '1365', '725797', '2018-03-01 02:11:36', '2018-03-01 02:11:36', '2018-03-01 02:11:36', 'c56bb8b9-e512-43fd-af3c-5e22cd571910'),
 ('59', '1', '1', 'hitachi_logo.png', 'image', '500', '78', '5324', '2018-03-01 02:11:42', '2018-03-01 02:11:43', '2018-03-01 02:11:43', '9621d9fd-bf07-4b32-b8cb-4dd37c05038f'),
 ('64', '1', '1', 'northface_logo.png', 'image', '500', '232', '11941', '2018-03-01 22:50:50', '2018-03-01 22:50:50', '2018-03-01 22:50:50', '45087f84-af67-410f-aa31-3132fadd30f3'),
 ('65', '1', '1', 'smartwool_logo.png', 'image', '500', '145', '15262', '2018-03-01 22:51:06', '2018-03-01 22:51:06', '2018-03-01 22:51:06', 'ed2fdc43-6a18-4e40-a9d1-8eabccb4e7f3'),
 ('66', '1', '1', 'voke_logo.png', 'image', '500', '193', '9536', '2018-03-01 22:51:28', '2018-03-01 22:51:28', '2018-03-01 22:51:28', '8aaa4c03-276d-4680-a0d4-af59b00d3d6f'),
 ('67', '1', '1', 'petzl_logo.png', 'image', '500', '261', '12514', '2018-03-01 22:51:59', '2018-03-01 22:52:00', '2018-03-01 22:52:00', 'be2f7daa-3768-4da7-818f-c615feb5c5cd'),
 ('68', '1', '1', 'rite_logo.png', 'image', '500', '106', '15950', '2018-03-01 22:52:19', '2018-03-01 22:52:19', '2018-03-01 22:52:19', 'c4ca0aa9-1a1f-428c-957d-81be2978856e'),
 ('69', '1', '1', 'bigsky_logo.png', 'image', '195', '232', '11480', '2018-03-01 22:52:44', '2018-03-01 22:52:44', '2018-03-01 22:52:44', '8b908803-c768-4dd0-9853-8e4805ed3789'),
 ('70', '1', '1', 'yeti_logo.png', 'image', '500', '147', '4929', '2018-03-01 22:53:08', '2018-03-01 22:53:08', '2018-03-01 22:53:08', 'b9025de7-eb03-4e24-85a8-829042db0db9'),
 ('71', '1', '1', 'bluewater_logo.png', 'image', '500', '193', '27086', '2018-03-01 22:54:03', '2018-03-01 22:54:03', '2018-03-01 22:54:03', 'd6254752-966b-459d-8ce3-5d19868f775b');



DROP TABLE IF EXISTS `craft_assetfolders`;


--
-- Schema for table `craft_assetfolders`
--
CREATE TABLE `craft_assetfolders` (
  `id` int(11) NOT NULL AUTO_INCREMENT,
  `parentId` int(11) DEFAULT NULL,
  `sourceId` int(11) DEFAULT NULL,
  `name` varchar(255) COLLATE utf8_unicode_ci NOT NULL,
  `path` varchar(255) COLLATE utf8_unicode_ci DEFAULT NULL,
  `dateCreated` datetime NOT NULL,
  `dateUpdated` datetime NOT NULL,
  `uid` char(36) COLLATE utf8_unicode_ci NOT NULL DEFAULT '0',
  PRIMARY KEY (`id`),
  UNIQUE KEY `craft_assetfolders_name_parentId_sourceId_unq_idx` (`name`,`parentId`,`sourceId`),
  KEY `craft_assetfolders_parentId_fk` (`parentId`),
  KEY `craft_assetfolders_sourceId_fk` (`sourceId`)
) ENGINE=InnoDB AUTO_INCREMENT=2 DEFAULT CHARSET=utf8 COLLATE=utf8_unicode_ci;

--
-- Data for table `craft_assetfolders`
--

INSERT INTO `craft_assetfolders` (`id`, `parentId`, `sourceId`, `name`, `path`, `dateCreated`, `dateUpdated`, `uid`) VALUES
 ('1', NULL, '1', 'images', '', '2018-03-01 00:32:15', '2018-03-01 00:32:15', '234dbab0-5bb6-4f78-9ab1-b5a6ae743a87');



DROP TABLE IF EXISTS `craft_assetindexdata`;


--
-- Schema for table `craft_assetindexdata`
--
CREATE TABLE `craft_assetindexdata` (
  `id` int(11) NOT NULL AUTO_INCREMENT,
  `sessionId` varchar(36) COLLATE utf8_unicode_ci NOT NULL DEFAULT '',
  `sourceId` int(10) NOT NULL,
  `offset` int(10) NOT NULL,
  `uri` varchar(255) COLLATE utf8_unicode_ci DEFAULT NULL,
  `size` varchar(255) COLLATE utf8_unicode_ci DEFAULT NULL,
  `recordId` int(10) DEFAULT NULL,
  `dateCreated` datetime NOT NULL,
  `dateUpdated` datetime NOT NULL,
  `uid` char(36) COLLATE utf8_unicode_ci NOT NULL DEFAULT '0',
  PRIMARY KEY (`id`),
  UNIQUE KEY `craft_assetindexdata_sessionId_sourceId_offset_unq_idx` (`sessionId`,`sourceId`,`offset`),
  KEY `craft_assetindexdata_sourceId_fk` (`sourceId`)
) ENGINE=InnoDB DEFAULT CHARSET=utf8 COLLATE=utf8_unicode_ci;

DROP TABLE IF EXISTS `craft_assetsources`;


--
-- Schema for table `craft_assetsources`
--
CREATE TABLE `craft_assetsources` (
  `id` int(11) NOT NULL AUTO_INCREMENT,
  `name` varchar(255) COLLATE utf8_unicode_ci NOT NULL,
  `handle` varchar(255) COLLATE utf8_unicode_ci NOT NULL,
  `type` varchar(150) COLLATE utf8_unicode_ci NOT NULL,
  `settings` text COLLATE utf8_unicode_ci,
  `sortOrder` smallint(6) unsigned DEFAULT NULL,
  `fieldLayoutId` int(10) DEFAULT NULL,
  `dateCreated` datetime NOT NULL,
  `dateUpdated` datetime NOT NULL,
  `uid` char(36) COLLATE utf8_unicode_ci NOT NULL DEFAULT '0',
  PRIMARY KEY (`id`),
  UNIQUE KEY `craft_assetsources_name_unq_idx` (`name`),
  UNIQUE KEY `craft_assetsources_handle_unq_idx` (`handle`),
  KEY `craft_assetsources_fieldLayoutId_fk` (`fieldLayoutId`)
) ENGINE=InnoDB AUTO_INCREMENT=2 DEFAULT CHARSET=utf8 COLLATE=utf8_unicode_ci;

--
-- Data for table `craft_assetsources`
--

INSERT INTO `craft_assetsources` (`id`, `name`, `handle`, `type`, `settings`, `sortOrder`, `fieldLayoutId`, `dateCreated`, `dateUpdated`, `uid`) VALUES
 ('1', 'images', 'images', 'Local', '{\"path\":\"\\/var\\/www\\/html\\/img\\/\",\"publicURLs\":\"\",\"url\":\"\"}', '1', '32', '2018-03-01 00:32:15', '2018-03-01 01:17:02', '878f5886-de41-481d-821c-f5954e53348b');



DROP TABLE IF EXISTS `craft_assettransformindex`;


--
-- Schema for table `craft_assettransformindex`
--
CREATE TABLE `craft_assettransformindex` (
  `id` int(11) NOT NULL AUTO_INCREMENT,
  `fileId` int(11) NOT NULL,
  `filename` varchar(255) COLLATE utf8_unicode_ci DEFAULT NULL,
  `format` varchar(255) COLLATE utf8_unicode_ci DEFAULT NULL,
  `location` varchar(255) COLLATE utf8_unicode_ci NOT NULL,
  `sourceId` int(11) DEFAULT NULL,
  `fileExists` tinyint(1) DEFAULT NULL,
  `inProgress` tinyint(1) DEFAULT NULL,
  `dateIndexed` datetime DEFAULT NULL,
  `dateCreated` datetime NOT NULL,
  `dateUpdated` datetime NOT NULL,
  `uid` char(36) COLLATE utf8_unicode_ci NOT NULL DEFAULT '0',
  PRIMARY KEY (`id`),
  KEY `craft_assettransformindex_sourceId_fileId_location_idx` (`sourceId`,`fileId`,`location`)
) ENGINE=InnoDB DEFAULT CHARSET=utf8 COLLATE=utf8_unicode_ci;

DROP TABLE IF EXISTS `craft_assettransforms`;


--
-- Schema for table `craft_assettransforms`
--
CREATE TABLE `craft_assettransforms` (
  `id` int(11) NOT NULL AUTO_INCREMENT,
  `name` varchar(255) COLLATE utf8_unicode_ci NOT NULL,
  `handle` varchar(255) COLLATE utf8_unicode_ci NOT NULL,
  `mode` enum('stretch','fit','crop') COLLATE utf8_unicode_ci NOT NULL DEFAULT 'crop',
  `position` enum('top-left','top-center','top-right','center-left','center-center','center-right','bottom-left','bottom-center','bottom-right') COLLATE utf8_unicode_ci NOT NULL DEFAULT 'center-center',
  `height` int(10) DEFAULT NULL,
  `width` int(10) DEFAULT NULL,
  `format` varchar(255) COLLATE utf8_unicode_ci DEFAULT NULL,
  `quality` int(10) DEFAULT NULL,
  `dimensionChangeTime` datetime DEFAULT NULL,
  `dateCreated` datetime NOT NULL,
  `dateUpdated` datetime NOT NULL,
  `uid` char(36) COLLATE utf8_unicode_ci NOT NULL DEFAULT '0',
  PRIMARY KEY (`id`),
  UNIQUE KEY `craft_assettransforms_name_unq_idx` (`name`),
  UNIQUE KEY `craft_assettransforms_handle_unq_idx` (`handle`)
) ENGINE=InnoDB DEFAULT CHARSET=utf8 COLLATE=utf8_unicode_ci;

DROP TABLE IF EXISTS `craft_categories`;


--
-- Schema for table `craft_categories`
--
CREATE TABLE `craft_categories` (
  `id` int(11) NOT NULL,
  `groupId` int(11) NOT NULL,
  `dateCreated` datetime NOT NULL,
  `dateUpdated` datetime NOT NULL,
  `uid` char(36) COLLATE utf8_unicode_ci NOT NULL DEFAULT '0',
  PRIMARY KEY (`id`),
  KEY `craft_categories_groupId_fk` (`groupId`)
) ENGINE=InnoDB DEFAULT CHARSET=utf8 COLLATE=utf8_unicode_ci;

DROP TABLE IF EXISTS `craft_categorygroups`;


--
-- Schema for table `craft_categorygroups`
--
CREATE TABLE `craft_categorygroups` (
  `id` int(11) NOT NULL AUTO_INCREMENT,
  `structureId` int(11) NOT NULL,
  `fieldLayoutId` int(11) DEFAULT NULL,
  `name` varchar(255) COLLATE utf8_unicode_ci NOT NULL,
  `handle` varchar(255) COLLATE utf8_unicode_ci NOT NULL,
  `hasUrls` tinyint(1) unsigned NOT NULL DEFAULT '1',
  `template` varchar(500) COLLATE utf8_unicode_ci DEFAULT NULL,
  `dateCreated` datetime NOT NULL,
  `dateUpdated` datetime NOT NULL,
  `uid` char(36) COLLATE utf8_unicode_ci NOT NULL DEFAULT '0',
  PRIMARY KEY (`id`),
  UNIQUE KEY `craft_categorygroups_name_unq_idx` (`name`),
  UNIQUE KEY `craft_categorygroups_handle_unq_idx` (`handle`),
  KEY `craft_categorygroups_structureId_fk` (`structureId`),
  KEY `craft_categorygroups_fieldLayoutId_fk` (`fieldLayoutId`)
) ENGINE=InnoDB DEFAULT CHARSET=utf8 COLLATE=utf8_unicode_ci;

DROP TABLE IF EXISTS `craft_categorygroups_i18n`;


--
-- Schema for table `craft_categorygroups_i18n`
--
CREATE TABLE `craft_categorygroups_i18n` (
  `id` int(11) NOT NULL AUTO_INCREMENT,
  `groupId` int(11) NOT NULL,
  `locale` char(12) COLLATE utf8_unicode_ci NOT NULL,
  `urlFormat` text COLLATE utf8_unicode_ci,
  `nestedUrlFormat` text COLLATE utf8_unicode_ci,
  `dateCreated` datetime NOT NULL,
  `dateUpdated` datetime NOT NULL,
  `uid` char(36) COLLATE utf8_unicode_ci NOT NULL DEFAULT '0',
  PRIMARY KEY (`id`),
  UNIQUE KEY `craft_categorygroups_i18n_groupId_locale_unq_idx` (`groupId`,`locale`),
  KEY `craft_categorygroups_i18n_locale_fk` (`locale`)
) ENGINE=InnoDB DEFAULT CHARSET=utf8 COLLATE=utf8_unicode_ci;

DROP TABLE IF EXISTS `craft_content`;


--
-- Schema for table `craft_content`
--
CREATE TABLE `craft_content` (
  `id` int(11) NOT NULL AUTO_INCREMENT,
  `elementId` int(11) NOT NULL,
  `locale` char(12) COLLATE utf8_unicode_ci NOT NULL,
  `title` varchar(255) COLLATE utf8_unicode_ci DEFAULT NULL,
  `field_findAlpineAdventureBodyCopy` text COLLATE utf8_unicode_ci,
  `field_achievements` text COLLATE utf8_unicode_ci,
  `field_theGearRoomBody` text COLLATE utf8_unicode_ci,
  `field_beGoodBeKindBeHappyBodyCopy` text COLLATE utf8_unicode_ci,
  `field_advocacyBodyCopy` text COLLATE utf8_unicode_ci,
  `field_speakingBodyCopy` text COLLATE utf8_unicode_ci,
  `field_conradQuote` text COLLATE utf8_unicode_ci,
  `field_teamBodyCopy` text COLLATE utf8_unicode_ci,
  `dateCreated` datetime NOT NULL,
  `dateUpdated` datetime NOT NULL,
  `uid` char(36) COLLATE utf8_unicode_ci NOT NULL DEFAULT '0',
  PRIMARY KEY (`id`),
  UNIQUE KEY `craft_content_elementId_locale_unq_idx` (`elementId`,`locale`),
  KEY `craft_content_title_idx` (`title`),
  KEY `craft_content_locale_fk` (`locale`)
) ENGINE=InnoDB AUTO_INCREMENT=42 DEFAULT CHARSET=utf8 COLLATE=utf8_unicode_ci;

--
-- Data for table `craft_content`
--

INSERT INTO `craft_content` (`id`, `elementId`, `locale`, `title`, `field_findAlpineAdventureBodyCopy`, `field_achievements`, `field_theGearRoomBody`, `field_beGoodBeKindBeHappyBodyCopy`, `field_advocacyBodyCopy`, `field_speakingBodyCopy`, `field_conradQuote`, `field_teamBodyCopy`, `dateCreated`, `dateUpdated`, `uid`) VALUES
 ('1', '1', 'en_us', NULL, NULL, NULL, NULL, NULL, NULL, NULL, NULL, NULL, '2018-02-23 22:54:10', '2018-02-23 22:54:10', 'bbb6f59c-6164-44ab-8485-586f902eaba9'),
 ('2', '2', 'en_us', 'Welcome to Ec2-18-219-215-43.us-east-2.compute.amazonaws.com!', NULL, NULL, NULL, NULL, NULL, NULL, NULL, NULL, '2018-02-23 22:54:12', '2018-02-23 22:54:12', '407a6141-7a75-4f25-affc-1f360c4800d7'),
 ('4', '4', 'en_us', 'Engage', NULL, NULL, NULL, '<p>We do not just measure greatness by the peaks that we climb, or the heights that we reach, but rather by the positive impact that we create for ourselves, our communities, and our planet. Our goodness to each other is what makes us whole, and what endures for generations beyond our physical feats &amp; achievements.</p>\n<p>Conrad invites everyone who is inspired by the wisdom of the great outdoors to <strong>engage</strong> in the conversation of conservation, and become an advocate for nature, and protecting our sacred mother earth.</p>', '<p>Conrad is a direct advocate for these incredible organizations</p>', '<p>Speaking to crowds in size ranging from college lecture halls to massive graduation ceremonies, Conrad reflects on lessons learned from his prodigious accomplishments, close calls, and overwhelming obstacles. Though the life of a climber seems to sometimes be fraught with innumerable challenges, Conrad’s optimism and positivity has given him the strength to endure what many would classify as impossible. And that’s a sentiment he aims to share through his words.</p>\n<p>I’ve learned that these things—my family, my passion for climbing and for being a force for good in the local community and in the larger community—are the source of happiness for me,” he says. “I know that life will keep changing and keep throwing new challenges my way, but my intent is always to embrace them and explore them and find a way to turn them into an experience that’s rewarding. Even when we’re suffering, whether it’s in the mountains or because of something going on at home, trying situations are a way to understand our human condition. You have to try to rise above the adversity. I like doing that.”</p>', '<p>“Enlightenment isn’t found with a full stomach, or on a soft pillow.” </p>\n<p>- Conrad Anker</p>', 'Every mountaineer needs an exemplary team of partners to reach the summit. ', '2018-02-28 21:14:36', '2018-03-01 02:11:50', '2bad0ace-a6c5-4bba-8dae-b22865bea96a'),
 ('5', '5', 'en_us', 'Explore', '<p>Conrad Anker is a climber’s climber, at home on a faraway alpine wall or the sparkling ice of his home canyon, Hyalite, located in the Gallatin Range of southwestern Montana. Over decades in the mountains, he has come to value the rarified air of Antarctica, the Himalaya and Montana equally; inspired by the value of immersion in other ecosystems and cultures, he’s become more fully enmeshed in both the physical and communal landscape of his hometown of Bozeman. Conrad came to climbing by way of his family, learning a deep appreciation for the outdoors from his California childhood, an appreciation and respect that has deepened as climbing took him around the world.</p>\n<p>Conrad is still climbing at full throttle. The master of technical mountaineering and Captain of The North Face Global Athlete Team has over 30 years of experience under his belt, yet is still chasing first ascents. In 2011, he summited the Shark’s Fin, one of the last unclimbed Himalayan peaks, and in 2012, led an expedition to recreate the historic 1963 American Mount Everest Expedition. He’s a visionary, a champion for the environment, a pioneer and the best comrade you’ll find at 25,000 feet—he’s dedicated every ounce of his being to this life. Legendary doesn’t even begin to describe him.</p>', '<ul><li>First ascent of the Shark’s Fin on Meru</li><li>Mallory and Irvine Research Expedition, Everest</li><li>First ascent of Rakekniven Peak, Queen Maud Land, Antarctica</li><li>First ascent of the East Face of Vinson Massif, Ellsworth Mountains, Antarctica</li><li>Stump/Anker Route, Streaked Wall, VI 5.11 A4 4/90 fa Zion, Utah</li><li>Winner of the 2015 Sundance US Documentary Audience Award</li><li>Honorary PHD from University of Utah</li></ul>', 'Conrad’s gear room is one of the most coveted in the world of mountaineering enthusiasts. This room is where every great expedition truly begins.', NULL, NULL, NULL, NULL, NULL, '2018-02-28 21:16:20', '2018-03-01 01:51:04', 'fee0978e-d17d-49f4-acfb-52c041c56437'),
 ('8', '8', 'en_us', 'Expedition Antarctica Storming Castles Conrad Basecamp Adapt 1900 1', NULL, NULL, NULL, NULL, NULL, NULL, NULL, NULL, '2018-03-01 01:29:13', '2018-03-01 01:29:13', 'b163cf7b-46b8-460b-a78a-4cd2f82f970b'),
 ('9', '9', 'en_us', '20111101 Meru 1386', NULL, NULL, NULL, NULL, NULL, NULL, NULL, NULL, '2018-03-01 01:29:53', '2018-03-01 01:29:53', 'e7583fbf-c0a4-48f0-b7c6-6daeac30b7b2'),
 ('10', '10', 'en_us', '20111101 Meru 1386 Compressed', NULL, NULL, NULL, NULL, NULL, NULL, NULL, NULL, '2018-03-01 01:30:35', '2018-03-01 01:30:35', 'bc7b49cd-f5f8-40b0-8107-f771b738e49a'),
 ('11', '11', 'en_us', 'Thompson Hyaltite Canyon Conrad Anker 1', NULL, NULL, NULL, NULL, NULL, NULL, NULL, NULL, '2018-03-01 01:31:35', '2018-03-01 01:31:35', '0122f1cb-fbdf-4681-ad33-5b3ad2a8b645'),
 ('12', '12', 'en_us', 'Maxresdefault', NULL, NULL, NULL, NULL, NULL, NULL, NULL, NULL, '2018-03-01 01:35:06', '2018-03-01 01:35:06', 'c6dc5972-b67a-4f16-8f52-e4eecbf1029c'),
 ('13', '17', 'en_us', 'Everest Summit', NULL, NULL, NULL, NULL, NULL, NULL, NULL, NULL, '2018-03-01 01:35:57', '2018-03-01 01:35:57', 'ef1f8b56-eddd-42a5-9c40-720ca4e60cf8'),
 ('14', '19', 'en_us', 'Jimmy Chin Photography', NULL, NULL, NULL, NULL, NULL, NULL, NULL, NULL, '2018-03-01 01:42:46', '2018-03-01 01:42:46', 'c6204901-91e6-4788-9a43-91bcbd0ee1eb'),
 ('15', '20', 'en_us', '1280531658 Lewinter Nepal 20100508 070208', NULL, NULL, NULL, NULL, NULL, NULL, NULL, NULL, '2018-03-01 01:43:29', '2018-03-01 01:43:29', 'a753701a-8adc-4cfe-8172-225c00dc788f'),
 ('16', '21', 'en_us', 'Meru Ozturk Camp H', NULL, NULL, NULL, NULL, NULL, NULL, NULL, NULL, '2018-03-01 01:44:09', '2018-03-01 01:44:09', 'd1754923-4157-4c94-b201-a57557056da7'),
 ('17', '22', 'en_us', '6905778184 D36705457B B', NULL, NULL, NULL, NULL, NULL, NULL, NULL, NULL, '2018-03-01 01:44:32', '2018-03-01 01:44:32', '5a03d05f-a4c9-4684-92aa-ce2a852f94eb'),
 ('18', '33', 'en_us', 'Haines 251', NULL, NULL, NULL, NULL, NULL, NULL, NULL, NULL, '2018-03-01 01:53:29', '2018-03-01 01:53:29', '9b3b4bfd-9152-49b6-a16f-ba7f012b421d'),
 ('19', '34', 'en_us', 'Alexlowe', NULL, NULL, NULL, NULL, NULL, NULL, NULL, NULL, '2018-03-01 01:54:32', '2018-03-01 01:54:32', '9f313135-21e9-44ae-87f7-62496df3f703'),
 ('20', '35', 'en_us', 'Conrad', NULL, NULL, NULL, NULL, NULL, NULL, NULL, NULL, '2018-03-01 02:02:20', '2018-03-01 02:02:20', '500abcff-0b9a-4172-b13a-57409b2d5a88'),
 ('21', '36', 'en_us', 'Pamela', NULL, NULL, NULL, NULL, NULL, NULL, NULL, NULL, '2018-03-01 02:02:36', '2018-03-01 02:02:36', '0788de9c-71fa-4153-9244-a1a2d3041f29'),
 ('22', '37', 'en_us', 'Ben Ende', NULL, NULL, NULL, NULL, NULL, NULL, NULL, NULL, '2018-03-01 02:02:54', '2018-03-01 02:02:54', 'c67d66df-9aa7-406f-9334-b50a3d52026f'),
 ('23', '38', 'en_us', 'Johnathan Retseck', NULL, NULL, NULL, NULL, NULL, NULL, NULL, NULL, '2018-03-01 02:03:41', '2018-03-01 02:03:41', '5ac030ee-1988-42c5-8a9d-c1ad481b16a2'),
 ('24', '39', 'en_us', 'Jonathan Retseck', NULL, NULL, NULL, NULL, NULL, NULL, NULL, NULL, '2018-03-01 02:03:59', '2018-03-01 02:03:59', '0c526022-51b6-445c-bdbf-7d93f80ceee2'),
 ('25', '51', 'en_us', NULL, NULL, NULL, NULL, NULL, NULL, NULL, NULL, NULL, '2018-03-01 02:04:20', '2018-03-01 22:54:39', '02f20447-c2e9-4ea3-ba90-ea61d926b6fc'),
 ('26', '52', 'en_us', 'Conrad Anker  2016', NULL, NULL, NULL, NULL, NULL, NULL, NULL, NULL, '2018-03-01 02:09:12', '2018-03-01 02:09:12', '660a1470-e880-4073-ba88-44bb45996378'),
 ('27', '53', 'en_us', 'Apple Logo', NULL, NULL, NULL, NULL, NULL, NULL, NULL, NULL, '2018-03-01 02:09:23', '2018-03-01 02:09:23', '47e5e986-7d90-4859-8fac-179ddadd9457'),
 ('28', '54', 'en_us', 'Photographer Max Lowe', NULL, NULL, NULL, NULL, NULL, NULL, NULL, NULL, '2018-03-01 02:09:41', '2018-03-01 02:09:41', 'b55cc297-d506-4cf6-9cb3-dff23d54dc39'),
 ('29', '55', 'en_us', 'Google Logo', NULL, NULL, NULL, NULL, NULL, NULL, NULL, NULL, '2018-03-01 02:09:54', '2018-03-01 02:09:54', 'd324e12c-8870-43a7-9951-1cbf77ae66d7'),
 ('30', '56', 'en_us', 'Anker Commencement Speech 1', NULL, NULL, NULL, NULL, NULL, NULL, NULL, NULL, '2018-03-01 02:11:07', '2018-03-01 02:11:07', '829dc7a9-54bb-44d4-8a8d-b67b74336a3d'),
 ('31', '57', 'en_us', 'Utah Logo', NULL, NULL, NULL, NULL, NULL, NULL, NULL, NULL, '2018-03-01 02:11:17', '2018-03-01 02:11:17', 'cc594bc0-69b9-4536-8c29-1ff8f5c2d379'),
 ('32', '58', 'en_us', 'Conrad Anker Profile', NULL, NULL, NULL, NULL, NULL, NULL, NULL, NULL, '2018-03-01 02:11:36', '2018-03-01 02:11:36', '4553a1d5-4beb-4466-a5c7-aa1839afc366'),
 ('33', '59', 'en_us', 'Hitachi Logo', NULL, NULL, NULL, NULL, NULL, NULL, NULL, NULL, '2018-03-01 02:11:43', '2018-03-01 02:11:43', '8242dfb8-4ed2-4713-90f6-f0f8726e21fa'),
 ('34', '64', 'en_us', 'Northface Logo', NULL, NULL, NULL, NULL, NULL, NULL, NULL, NULL, '2018-03-01 22:50:50', '2018-03-01 22:50:50', 'db2905ae-7d51-4eb6-92a6-ed5d2ade4ec1'),
 ('35', '65', 'en_us', 'Smartwool Logo', NULL, NULL, NULL, NULL, NULL, NULL, NULL, NULL, '2018-03-01 22:51:06', '2018-03-01 22:51:06', 'fb4e2233-9acf-4a7b-89bf-379ab8130993'),
 ('36', '66', 'en_us', 'Voke Logo', NULL, NULL, NULL, NULL, NULL, NULL, NULL, NULL, '2018-03-01 22:51:28', '2018-03-01 22:51:28', '235c122b-0bda-49dc-8a29-863f5e311b73'),
 ('37', '67', 'en_us', 'Petzl Logo', NULL, NULL, NULL, NULL, NULL, NULL, NULL, NULL, '2018-03-01 22:51:59', '2018-03-01 22:51:59', '4ca9e9ed-09dc-46b6-abb0-bc99cd04aec1'),
 ('38', '68', 'en_us', 'Rite Logo', NULL, NULL, NULL, NULL, NULL, NULL, NULL, NULL, '2018-03-01 22:52:19', '2018-03-01 22:52:19', '0fb27cc9-efc0-483c-814c-635592b2122c'),
 ('39', '69', 'en_us', 'Bigsky Logo', NULL, NULL, NULL, NULL, NULL, NULL, NULL, NULL, '2018-03-01 22:52:44', '2018-03-01 22:52:44', '6f2763e1-7f1f-4ee0-927d-7ce0cf7560f5'),
 ('40', '70', 'en_us', 'Yeti Logo', NULL, NULL, NULL, NULL, NULL, NULL, NULL, NULL, '2018-03-01 22:53:08', '2018-03-01 22:53:08', '713e2811-a12e-449b-8974-06ebdda02f9e'),
 ('41', '71', 'en_us', 'Bluewater Logo', NULL, NULL, NULL, NULL, NULL, NULL, NULL, NULL, '2018-03-01 22:54:03', '2018-03-01 22:54:03', '94f65c0e-b8ce-482a-b118-d2565a5e2002');



DROP TABLE IF EXISTS `craft_deprecationerrors`;


--
-- Schema for table `craft_deprecationerrors`
--
CREATE TABLE `craft_deprecationerrors` (
  `id` int(11) NOT NULL AUTO_INCREMENT,
  `key` varchar(255) COLLATE utf8_unicode_ci NOT NULL,
  `fingerprint` varchar(255) COLLATE utf8_unicode_ci NOT NULL,
  `lastOccurrence` datetime NOT NULL,
  `file` varchar(255) COLLATE utf8_unicode_ci NOT NULL,
  `line` smallint(6) unsigned NOT NULL,
  `class` varchar(255) COLLATE utf8_unicode_ci DEFAULT NULL,
  `method` varchar(255) COLLATE utf8_unicode_ci DEFAULT NULL,
  `template` varchar(255) COLLATE utf8_unicode_ci DEFAULT NULL,
  `templateLine` smallint(6) unsigned DEFAULT NULL,
  `message` varchar(255) COLLATE utf8_unicode_ci DEFAULT NULL,
  `traces` text COLLATE utf8_unicode_ci,
  `dateCreated` datetime NOT NULL,
  `dateUpdated` datetime NOT NULL,
  `uid` char(36) COLLATE utf8_unicode_ci NOT NULL DEFAULT '0',
  PRIMARY KEY (`id`),
  UNIQUE KEY `craft_deprecationerrors_key_fingerprint_unq_idx` (`key`,`fingerprint`)
) ENGINE=InnoDB DEFAULT CHARSET=utf8 COLLATE=utf8_unicode_ci;

DROP TABLE IF EXISTS `craft_elementindexsettings`;


--
-- Schema for table `craft_elementindexsettings`
--
CREATE TABLE `craft_elementindexsettings` (
  `id` int(11) NOT NULL AUTO_INCREMENT,
  `type` varchar(150) COLLATE utf8_unicode_ci NOT NULL,
  `settings` text COLLATE utf8_unicode_ci,
  `dateCreated` datetime NOT NULL,
  `dateUpdated` datetime NOT NULL,
  `uid` char(36) COLLATE utf8_unicode_ci NOT NULL DEFAULT '0',
  PRIMARY KEY (`id`),
  UNIQUE KEY `craft_elementindexsettings_type_unq_idx` (`type`)
) ENGINE=InnoDB DEFAULT CHARSET=utf8 COLLATE=utf8_unicode_ci;

DROP TABLE IF EXISTS `craft_elements`;


--
-- Schema for table `craft_elements`
--
CREATE TABLE `craft_elements` (
  `id` int(11) NOT NULL AUTO_INCREMENT,
  `type` varchar(150) COLLATE utf8_unicode_ci NOT NULL,
  `enabled` tinyint(1) unsigned NOT NULL DEFAULT '1',
  `archived` tinyint(1) unsigned NOT NULL DEFAULT '0',
  `dateCreated` datetime NOT NULL,
  `dateUpdated` datetime NOT NULL,
  `uid` char(36) COLLATE utf8_unicode_ci NOT NULL DEFAULT '0',
  PRIMARY KEY (`id`),
  KEY `craft_elements_type_idx` (`type`),
  KEY `craft_elements_enabled_idx` (`enabled`),
  KEY `craft_elements_archived_dateCreated_idx` (`archived`,`dateCreated`)
) ENGINE=InnoDB AUTO_INCREMENT=80 DEFAULT CHARSET=utf8 COLLATE=utf8_unicode_ci;

--
-- Data for table `craft_elements`
--

INSERT INTO `craft_elements` (`id`, `type`, `enabled`, `archived`, `dateCreated`, `dateUpdated`, `uid`) VALUES
 ('1', 'User', '1', '0', '2018-02-23 22:54:10', '2018-02-23 22:54:10', 'e738d513-17f2-4aa2-af7a-e1c86e6137af'),
 ('2', 'Entry', '1', '0', '2018-02-23 22:54:12', '2018-02-23 22:54:12', '2935fda1-f4fa-4d6e-99ab-4bf97ce63414'),
 ('4', 'Entry', '1', '0', '2018-02-28 21:14:36', '2018-03-01 02:11:50', '7c3c6608-580d-49b4-9e1f-956c379f14f3'),
 ('5', 'Entry', '1', '0', '2018-02-28 21:16:20', '2018-03-01 01:51:04', 'a6b5295c-b168-4155-bf09-2635cd374c28'),
 ('8', 'Asset', '1', '0', '2018-03-01 01:29:13', '2018-03-01 01:29:13', 'b96899b5-66ca-4a9b-b99a-8ec024a438c1'),
 ('9', 'Asset', '1', '0', '2018-03-01 01:29:53', '2018-03-01 01:29:53', '4f085536-9252-40a7-bc0a-a22727aa4f4d'),
 ('10', 'Asset', '1', '0', '2018-03-01 01:30:35', '2018-03-01 01:30:35', 'b5a8e832-7b2e-4fff-ada6-d477a63f6906'),
 ('11', 'Asset', '1', '0', '2018-03-01 01:31:35', '2018-03-01 01:31:35', '494a7aa9-a2cc-436c-b29a-332af76c3e69'),
 ('12', 'Asset', '1', '0', '2018-03-01 01:35:06', '2018-03-01 01:35:06', '97ea54c0-3883-4b9a-b937-60b35db1b306'),
 ('13', 'MatrixBlock', '1', '0', '2018-03-01 01:35:18', '2018-03-01 01:51:04', '730bcf56-cbd5-4c63-8e6f-9c32e6c52de4'),
 ('14', 'MatrixBlock', '1', '0', '2018-03-01 01:35:19', '2018-03-01 01:51:04', '2b9be860-7bda-44a6-a952-e66fc406bbf8'),
 ('15', 'MatrixBlock', '1', '0', '2018-03-01 01:35:19', '2018-03-01 01:51:04', '04ddb3e6-9b03-4e83-b625-3a6ff86755ba'),
 ('16', 'MatrixBlock', '1', '0', '2018-03-01 01:35:19', '2018-03-01 01:51:04', 'a9c44c7d-b468-4bb2-bd30-77242b310ea5'),
 ('17', 'Asset', '1', '0', '2018-03-01 01:35:57', '2018-03-01 01:35:57', '4e2e18f7-a50c-4cee-ba97-ac65911c9f11'),
 ('18', 'MatrixBlock', '1', '0', '2018-03-01 01:40:33', '2018-03-01 01:51:04', '8bde3680-f64a-4c55-93f0-cf223b0ed0d8'),
 ('19', 'Asset', '1', '0', '2018-03-01 01:42:46', '2018-03-01 01:42:46', '278ae775-777a-4ffe-97a0-ff3e930ccc06'),
 ('20', 'Asset', '1', '0', '2018-03-01 01:43:29', '2018-03-01 01:43:29', 'fee9f82d-4340-4d74-a05e-f9f61883fed0'),
 ('21', 'Asset', '1', '0', '2018-03-01 01:44:09', '2018-03-01 01:44:09', '815ee488-c338-4323-9bd3-8f3a05369291'),
 ('22', 'Asset', '1', '0', '2018-03-01 01:44:32', '2018-03-01 01:44:32', '5bf52629-ee45-417e-9ad0-086a0472f841'),
 ('23', 'MatrixBlock', '1', '0', '2018-03-01 01:51:04', '2018-03-01 01:51:04', '6ffffc2e-d9f8-42d6-a901-737f6f9ff0e6'),
 ('24', 'MatrixBlock', '1', '0', '2018-03-01 01:51:04', '2018-03-01 01:51:04', '3b63b04f-aeb6-4484-8b32-d081ae986e7c'),
 ('25', 'MatrixBlock', '1', '0', '2018-03-01 01:51:04', '2018-03-01 01:51:04', 'b14607f7-7dde-47ce-b227-dc982c6c6b88'),
 ('26', 'MatrixBlock', '1', '0', '2018-03-01 01:51:04', '2018-03-01 01:51:04', '754229b5-6110-488f-ac80-c29d73f15892'),
 ('27', 'MatrixBlock', '1', '0', '2018-03-01 01:51:04', '2018-03-01 01:51:04', 'c59f356d-9361-4e71-8d2b-c4e3da596809'),
 ('28', 'MatrixBlock', '1', '0', '2018-03-01 01:51:04', '2018-03-01 01:51:04', 'b54237b0-6f94-4933-9b70-257084b8f56c'),
 ('29', 'MatrixBlock', '1', '0', '2018-03-01 01:51:04', '2018-03-01 01:51:04', '0b471783-8508-43af-adc7-3d72567b0476'),
 ('30', 'MatrixBlock', '1', '0', '2018-03-01 01:51:04', '2018-03-01 01:51:04', '2fb25ca7-0103-43c5-94bc-16cc61c4d1d6'),
 ('31', 'MatrixBlock', '1', '0', '2018-03-01 01:51:04', '2018-03-01 01:51:04', 'c951eebb-d0c3-44d5-bce9-ba5c788a6370'),
 ('32', 'MatrixBlock', '1', '0', '2018-03-01 01:51:04', '2018-03-01 01:51:04', 'cba7c39c-fc05-4772-bc39-2964a184b27b'),
 ('33', 'Asset', '1', '0', '2018-03-01 01:53:29', '2018-03-01 01:53:29', 'f99f3ed0-b1a9-4fa8-b21b-1446cd4e5e29'),
 ('34', 'Asset', '1', '0', '2018-03-01 01:54:32', '2018-03-01 01:54:32', 'bd6a7295-e51c-4f2b-ba9e-a56481aca035'),
 ('35', 'Asset', '1', '0', '2018-03-01 02:02:20', '2018-03-01 02:02:20', '3bf76a58-43bc-4ed5-9324-c690b7c9a5b8'),
 ('36', 'Asset', '1', '0', '2018-03-01 02:02:36', '2018-03-01 02:02:36', '7a6290d6-f342-4d7b-a1ee-76454a1626c7'),
 ('37', 'Asset', '1', '0', '2018-03-01 02:02:54', '2018-03-01 02:02:54', '8d098e65-82d1-46d2-b8ab-dedd0ce98f2c'),
 ('38', 'Asset', '1', '0', '2018-03-01 02:03:41', '2018-03-01 02:03:41', '359346c1-5536-4f3b-ad41-0bf3ee84a3fe'),
 ('39', 'Asset', '1', '0', '2018-03-01 02:03:59', '2018-03-01 02:03:59', 'b28eac02-dc1b-45ef-9ad5-213402895b04'),
 ('40', 'MatrixBlock', '1', '0', '2018-03-01 02:04:08', '2018-03-01 02:11:50', '653e885e-6a46-4a00-a14b-076b5cf9c49a'),
 ('41', 'MatrixBlock', '1', '0', '2018-03-01 02:04:08', '2018-03-01 02:11:50', '97036cbc-3dfa-44ed-9e5c-71f30361f9ab'),
 ('42', 'MatrixBlock', '1', '0', '2018-03-01 02:04:08', '2018-03-01 02:11:50', 'fcbcca43-8782-40a3-9c9f-d5508471a898'),
 ('43', 'MatrixBlock', '1', '0', '2018-03-01 02:04:08', '2018-03-01 02:11:50', '77d0f1ce-2d32-48e1-934b-404a4d6fe034'),
 ('44', 'MatrixBlock', '1', '0', '2018-03-01 02:04:08', '2018-03-01 02:11:50', 'e9a68638-22b3-42f0-848d-f6d707822389'),
 ('45', 'MatrixBlock', '1', '0', '2018-03-01 02:04:08', '2018-03-01 02:11:50', 'c67d9846-c1b1-4e69-975c-fac2f3bd0986'),
 ('46', 'MatrixBlock', '1', '0', '2018-03-01 02:04:08', '2018-03-01 02:11:50', '35f1c467-84a7-4b14-b443-bc1f9672e681'),
 ('47', 'MatrixBlock', '1', '0', '2018-03-01 02:04:08', '2018-03-01 02:11:50', '37b08c96-c93d-4138-a64c-1ca3a3ab4a48'),
 ('48', 'MatrixBlock', '1', '0', '2018-03-01 02:04:08', '2018-03-01 02:11:50', 'ba843888-74b4-4bf3-9ee0-541568e4103c'),
 ('49', 'MatrixBlock', '1', '0', '2018-03-01 02:04:08', '2018-03-01 02:11:50', 'e18b5440-caac-42f0-990b-24b21c0f07bb'),
 ('50', 'MatrixBlock', '1', '0', '2018-03-01 02:04:08', '2018-03-01 02:11:50', 'b89c2ec3-be63-4aa5-88f9-2d9580e46751'),
 ('51', 'GlobalSet', '1', '0', '2018-03-01 02:04:20', '2018-03-01 22:54:39', 'c3c3c462-6dde-4b22-b700-0368dcba2c1e'),
 ('52', 'Asset', '1', '0', '2018-03-01 02:09:12', '2018-03-01 02:09:12', '4542bee3-5c54-45b5-bbee-306168e6911c'),
 ('53', 'Asset', '1', '0', '2018-03-01 02:09:23', '2018-03-01 02:09:23', '1e3af4a7-7516-4dd0-b6ac-16a1f0c7ef04'),
 ('54', 'Asset', '1', '0', '2018-03-01 02:09:41', '2018-03-01 02:09:41', '7ca36fc0-755c-4d97-848f-bf4eccf9b2bf'),
 ('55', 'Asset', '1', '0', '2018-03-01 02:09:54', '2018-03-01 02:09:54', 'fe649e5c-41e7-4799-9d55-9b990ae06c83'),
 ('56', 'Asset', '1', '0', '2018-03-01 02:11:07', '2018-03-01 02:11:07', 'f1a691b5-fe51-485e-a3b3-bd127b729647'),
 ('57', 'Asset', '1', '0', '2018-03-01 02:11:17', '2018-03-01 02:11:17', '4e19be59-326e-4f0d-91d3-8204e46986fa'),
 ('58', 'Asset', '1', '0', '2018-03-01 02:11:36', '2018-03-01 02:11:36', 'cfc4efd4-552a-468d-8974-67f6cb9729e8'),
 ('59', 'Asset', '1', '0', '2018-03-01 02:11:43', '2018-03-01 02:11:43', 'a48dbabc-3748-4d19-b642-0bb1f6d4dc79'),
 ('60', 'MatrixBlock', '1', '0', '2018-03-01 02:11:50', '2018-03-01 02:11:50', '1f66c988-baff-4ed7-9eb1-deec2b7825d9'),
 ('61', 'MatrixBlock', '1', '0', '2018-03-01 02:11:50', '2018-03-01 02:11:50', '482765e2-69c3-4044-80af-ba16380fca2a'),
 ('62', 'MatrixBlock', '1', '0', '2018-03-01 02:11:50', '2018-03-01 02:11:50', 'f3ce08d9-b134-41d0-95f6-04c590e32538'),
 ('63', 'MatrixBlock', '1', '0', '2018-03-01 02:11:50', '2018-03-01 02:11:50', 'c817b166-e46d-4285-89a2-2c799f6a7595'),
 ('64', 'Asset', '1', '0', '2018-03-01 22:50:50', '2018-03-01 22:50:50', '9ce7129a-1d6f-49e4-a144-c3023bcd046d'),
 ('65', 'Asset', '1', '0', '2018-03-01 22:51:06', '2018-03-01 22:51:06', '89b47701-4e78-40a2-a4fb-e807f143f26a'),
 ('66', 'Asset', '1', '0', '2018-03-01 22:51:28', '2018-03-01 22:51:28', '4a75e601-569c-40ca-a66a-bb5214f2fa2d'),
 ('67', 'Asset', '1', '0', '2018-03-01 22:51:59', '2018-03-01 22:51:59', '5a77d369-c7cc-448f-82b3-8fb5c65521db'),
 ('68', 'Asset', '1', '0', '2018-03-01 22:52:19', '2018-03-01 22:52:19', 'e833f2cd-f657-4832-add1-02f8b6af03b3'),
 ('69', 'Asset', '1', '0', '2018-03-01 22:52:44', '2018-03-01 22:52:44', '2f6ec915-e5f4-44c9-bf5f-6c1b1121df4f'),
 ('70', 'Asset', '1', '0', '2018-03-01 22:53:08', '2018-03-01 22:53:08', '47124e31-cb55-47e8-8256-340c0fb2f87f'),
 ('71', 'Asset', '1', '0', '2018-03-01 22:54:03', '2018-03-01 22:54:03', '1b1e2b16-56e9-4d38-9548-154847086f23'),
 ('72', 'MatrixBlock', '1', '0', '2018-03-01 22:54:39', '2018-03-01 22:54:39', '14d37326-9367-4cd4-9bae-835a9608af99'),
 ('73', 'MatrixBlock', '1', '0', '2018-03-01 22:54:39', '2018-03-01 22:54:39', 'f0b7b0f1-75e9-4d8b-8650-c59813de0f77'),
 ('74', 'MatrixBlock', '1', '0', '2018-03-01 22:54:39', '2018-03-01 22:54:39', 'fedd3f8e-5ed7-4c45-8185-82cb3c18e4ef'),
 ('75', 'MatrixBlock', '1', '0', '2018-03-01 22:54:39', '2018-03-01 22:54:39', 'cb938647-9090-40df-bf17-1ced013af32a'),
 ('76', 'MatrixBlock', '1', '0', '2018-03-01 22:54:39', '2018-03-01 22:54:39', 'b2aaf107-bca8-473a-9a53-fec4ce3c6706'),
 ('77', 'MatrixBlock', '1', '0', '2018-03-01 22:54:39', '2018-03-01 22:54:39', 'caeea708-7261-43a9-adc4-0706944b32d3'),
 ('78', 'MatrixBlock', '1', '0', '2018-03-01 22:54:39', '2018-03-01 22:54:39', 'ce99adad-ca3b-4847-9b3a-d3347b4fa717'),
 ('79', 'MatrixBlock', '1', '0', '2018-03-01 22:54:39', '2018-03-01 22:54:39', '75b2d39f-87cb-4cc7-842e-f24125c40206');



DROP TABLE IF EXISTS `craft_elements_i18n`;


--
-- Schema for table `craft_elements_i18n`
--
CREATE TABLE `craft_elements_i18n` (
  `id` int(11) NOT NULL AUTO_INCREMENT,
  `elementId` int(11) NOT NULL,
  `locale` char(12) COLLATE utf8_unicode_ci NOT NULL,
  `slug` varchar(255) COLLATE utf8_unicode_ci DEFAULT NULL,
  `uri` varchar(255) COLLATE utf8_unicode_ci DEFAULT NULL,
  `enabled` tinyint(1) unsigned NOT NULL DEFAULT '1',
  `dateCreated` datetime NOT NULL,
  `dateUpdated` datetime NOT NULL,
  `uid` char(36) COLLATE utf8_unicode_ci NOT NULL DEFAULT '0',
  PRIMARY KEY (`id`),
  UNIQUE KEY `craft_elements_i18n_elementId_locale_unq_idx` (`elementId`,`locale`),
  UNIQUE KEY `craft_elements_i18n_uri_locale_unq_idx` (`uri`,`locale`),
  KEY `craft_elements_i18n_slug_locale_idx` (`slug`,`locale`),
  KEY `craft_elements_i18n_enabled_idx` (`enabled`),
  KEY `craft_elements_i18n_locale_fk` (`locale`)
) ENGINE=InnoDB AUTO_INCREMENT=80 DEFAULT CHARSET=utf8 COLLATE=utf8_unicode_ci;

--
-- Data for table `craft_elements_i18n`
--

INSERT INTO `craft_elements_i18n` (`id`, `elementId`, `locale`, `slug`, `uri`, `enabled`, `dateCreated`, `dateUpdated`, `uid`) VALUES
 ('1', '1', 'en_us', '', NULL, '1', '2018-02-23 22:54:10', '2018-02-23 22:54:10', 'ca9ef843-b505-427e-adca-d6f56565cfb9'),
 ('2', '2', 'en_us', 'homepage', '__home__', '1', '2018-02-23 22:54:12', '2018-02-23 22:54:12', 'a5e8fba1-577a-4958-9e3f-782fa338c112'),
 ('4', '4', 'en_us', 'engage', 'engage', '1', '2018-02-28 21:14:36', '2018-03-01 02:11:50', '98eb8ecb-8fe0-4893-a9f7-85ac4a62324f'),
 ('5', '5', 'en_us', 'explore', 'explore', '1', '2018-02-28 21:16:20', '2018-03-01 01:51:04', 'c24a3423-cef5-486b-bc88-339a8ea19980'),
 ('8', '8', 'en_us', 'expedition-antarctica-storming-castles-conrad-basecamp-adapt-1900-1', NULL, '1', '2018-03-01 01:29:13', '2018-03-01 01:29:13', '97dd82d6-b8be-4a0f-a102-fb91dbbf40e7'),
 ('9', '9', 'en_us', '20111101-meru-1386', NULL, '1', '2018-03-01 01:29:53', '2018-03-01 01:29:53', 'b29dfc7c-40d4-4c42-ad8c-dfb086a6558c'),
 ('10', '10', 'en_us', '20111101-meru-1386-compressed', NULL, '1', '2018-03-01 01:30:35', '2018-03-01 01:30:35', '173f09b2-9a80-4b96-bb64-2b618f3761ee'),
 ('11', '11', 'en_us', 'thompson-hyaltite-canyon-conrad-anker-1', NULL, '1', '2018-03-01 01:31:35', '2018-03-01 01:31:35', '159ceeea-dbcd-43f2-8b43-26a0e901e286'),
 ('12', '12', 'en_us', 'maxresdefault', NULL, '1', '2018-03-01 01:35:06', '2018-03-01 01:35:06', '31ad699f-b58a-44fa-8a04-a8de4c89631f'),
 ('13', '13', 'en_us', '', NULL, '1', '2018-03-01 01:35:19', '2018-03-01 01:51:04', 'da8eaace-d8f4-4ef3-be36-f00c905790d6'),
 ('14', '14', 'en_us', '', NULL, '1', '2018-03-01 01:35:19', '2018-03-01 01:51:04', '51fc7582-ab1a-416e-aaac-36b2ad94c1b9'),
 ('15', '15', 'en_us', '', NULL, '1', '2018-03-01 01:35:19', '2018-03-01 01:51:04', 'b72309c8-5948-44df-aa0d-49e789e697e7'),
 ('16', '16', 'en_us', '', NULL, '1', '2018-03-01 01:35:19', '2018-03-01 01:51:04', '554258b2-9f7b-43a2-b16e-accc9bffd556'),
 ('17', '17', 'en_us', 'everest-summit', NULL, '1', '2018-03-01 01:35:57', '2018-03-01 01:35:57', '35e7b94e-6752-476c-a0e3-da60f1006ee3'),
 ('18', '18', 'en_us', '', NULL, '1', '2018-03-01 01:40:33', '2018-03-01 01:51:04', '51ab1ed9-e29a-4851-b5a8-50256eb167db'),
 ('19', '19', 'en_us', 'jimmy-chin-photography', NULL, '1', '2018-03-01 01:42:46', '2018-03-01 01:42:46', 'b0919e63-3b67-43b7-918d-174b6e7f1099'),
 ('20', '20', 'en_us', '1280531658-lewinter-nepal-20100508-070208', NULL, '1', '2018-03-01 01:43:29', '2018-03-01 01:43:29', '09eebd55-5f43-446a-82fc-cad67cf12eda'),
 ('21', '21', 'en_us', 'meru-ozturk-camp-h', NULL, '1', '2018-03-01 01:44:09', '2018-03-01 01:44:09', '48d1c21f-f24c-4d16-b178-7d81da08f081'),
 ('22', '22', 'en_us', '6905778184-d36705457b-b', NULL, '1', '2018-03-01 01:44:32', '2018-03-01 01:44:32', 'a6be4e21-1f51-4b49-a237-fb2f1a134e21'),
 ('23', '23', 'en_us', '', NULL, '1', '2018-03-01 01:51:04', '2018-03-01 01:51:04', '18784808-36bf-40b4-935e-b28b897aa3d0'),
 ('24', '24', 'en_us', '', NULL, '1', '2018-03-01 01:51:04', '2018-03-01 01:51:04', '34e2bcc0-fff6-45fb-97fa-7c8d7f62706e'),
 ('25', '25', 'en_us', '', NULL, '1', '2018-03-01 01:51:04', '2018-03-01 01:51:04', '709131bc-ae08-44a8-9527-8d81d38a4c3f'),
 ('26', '26', 'en_us', '', NULL, '1', '2018-03-01 01:51:04', '2018-03-01 01:51:04', '23d9e592-5ec7-4cd7-82cf-fad482d3d2b1'),
 ('27', '27', 'en_us', '', NULL, '1', '2018-03-01 01:51:04', '2018-03-01 01:51:04', '661d91d1-d63c-4306-a421-fa33a437ead9'),
 ('28', '28', 'en_us', '', NULL, '1', '2018-03-01 01:51:04', '2018-03-01 01:51:04', 'fb133812-7e30-4d87-835f-aff29d6652e2'),
 ('29', '29', 'en_us', '', NULL, '1', '2018-03-01 01:51:04', '2018-03-01 01:51:04', '7828877b-8dc4-479f-b634-4ee3bb89721f'),
 ('30', '30', 'en_us', '', NULL, '1', '2018-03-01 01:51:04', '2018-03-01 01:51:04', '044d0ab2-994f-4299-8d44-695e71b6a720'),
 ('31', '31', 'en_us', '', NULL, '1', '2018-03-01 01:51:04', '2018-03-01 01:51:04', 'c4e1bf58-77a7-4895-a013-86a7ac913d23'),
 ('32', '32', 'en_us', '', NULL, '1', '2018-03-01 01:51:04', '2018-03-01 01:51:04', '5381e31a-f2ac-403c-b7d1-dafca4582d09'),
 ('33', '33', 'en_us', 'haines-251', NULL, '1', '2018-03-01 01:53:29', '2018-03-01 01:53:29', 'f0268c96-33b5-4c78-8d3b-0c98bb0fb420'),
 ('34', '34', 'en_us', 'alexlowe', NULL, '1', '2018-03-01 01:54:32', '2018-03-01 01:54:32', '9a8f46ce-63f7-42d0-b297-61d364751603'),
 ('35', '35', 'en_us', 'conrad', NULL, '1', '2018-03-01 02:02:20', '2018-03-01 02:02:20', '7ae44edf-40df-4f04-951c-257996c56266'),
 ('36', '36', 'en_us', 'pamela', NULL, '1', '2018-03-01 02:02:36', '2018-03-01 02:02:36', '98efb36e-bcc0-494d-9ebc-47b61d24c8a6'),
 ('37', '37', 'en_us', 'ben-ende', NULL, '1', '2018-03-01 02:02:54', '2018-03-01 02:02:54', '8b2727cc-080d-4ef6-9ade-5742841d6fa7'),
 ('38', '38', 'en_us', 'johnathan-retseck', NULL, '1', '2018-03-01 02:03:41', '2018-03-01 02:03:41', 'fb7cf09d-ca93-48aa-afd0-7365dbe2b842'),
 ('39', '39', 'en_us', 'jonathan-retseck', NULL, '1', '2018-03-01 02:03:59', '2018-03-01 02:03:59', '61b0e1cf-51ac-4dd5-8aac-544da8ea6b20'),
 ('40', '40', 'en_us', '', NULL, '1', '2018-03-01 02:04:08', '2018-03-01 02:11:50', 'f52c58fd-4d2c-4ca8-87b2-1984f34822b9'),
 ('41', '41', 'en_us', '', NULL, '1', '2018-03-01 02:04:08', '2018-03-01 02:11:50', '6081a6b8-fa7d-4797-a94d-877287f32f8c'),
 ('42', '42', 'en_us', '', NULL, '1', '2018-03-01 02:04:08', '2018-03-01 02:11:50', 'ab7140d0-e1b1-4588-b799-431bc2fb2342'),
 ('43', '43', 'en_us', '', NULL, '1', '2018-03-01 02:04:08', '2018-03-01 02:11:50', 'c375185e-accc-4808-9593-5c1c7a75abb2'),
 ('44', '44', 'en_us', '', NULL, '1', '2018-03-01 02:04:08', '2018-03-01 02:11:50', '2ffaa763-a00a-44b5-8f9b-951eabf0b50a'),
 ('45', '45', 'en_us', '', NULL, '1', '2018-03-01 02:04:08', '2018-03-01 02:11:50', '30a615f5-5489-485c-801a-644f02739f32'),
 ('46', '46', 'en_us', '', NULL, '1', '2018-03-01 02:04:08', '2018-03-01 02:11:50', '32f801ad-5a51-4f0d-b740-5a7264c55b28'),
 ('47', '47', 'en_us', '', NULL, '1', '2018-03-01 02:04:08', '2018-03-01 02:11:50', '54cf8fbd-87b2-4ddb-a76a-3fcc43920633'),
 ('48', '48', 'en_us', '', NULL, '1', '2018-03-01 02:04:08', '2018-03-01 02:11:50', 'd2ea4538-5924-4f67-aebf-bf3f9833ef9a'),
 ('49', '49', 'en_us', '', NULL, '1', '2018-03-01 02:04:08', '2018-03-01 02:11:50', '30db9431-48e9-472b-9bad-424672175490'),
 ('50', '50', 'en_us', '', NULL, '1', '2018-03-01 02:04:08', '2018-03-01 02:11:50', '73b0b941-6f6b-41f4-94e8-9a8522c6a65b'),
 ('51', '51', 'en_us', '', NULL, '1', '2018-03-01 02:04:20', '2018-03-01 22:54:39', '1e3aa3ba-6819-4cc1-a2fa-b7cf528f0cb1'),
 ('52', '52', 'en_us', 'conrad-anker-2016', NULL, '1', '2018-03-01 02:09:12', '2018-03-01 02:09:12', 'e4f9d48d-32b2-4db8-9a62-7d0206a03798'),
 ('53', '53', 'en_us', 'apple-logo', NULL, '1', '2018-03-01 02:09:23', '2018-03-01 02:09:23', '0ffb9974-e733-4d5b-bc98-dfdcd0c38bc2'),
 ('54', '54', 'en_us', 'photographer-max-lowe', NULL, '1', '2018-03-01 02:09:41', '2018-03-01 02:09:41', 'ea1dc9c3-e670-4812-a4a1-2a6c99edce46'),
 ('55', '55', 'en_us', 'google-logo', NULL, '1', '2018-03-01 02:09:54', '2018-03-01 02:09:54', 'c7ee1b85-6d16-4de2-8209-0244f0caf21c'),
 ('56', '56', 'en_us', 'anker-commencement-speech-1', NULL, '1', '2018-03-01 02:11:07', '2018-03-01 02:11:07', '48122c6d-b38c-40e4-9267-f548a05f4033'),
 ('57', '57', 'en_us', 'utah-logo', NULL, '1', '2018-03-01 02:11:17', '2018-03-01 02:11:17', '243e1e49-7f2c-4734-b1c6-fcc375d603ad'),
 ('58', '58', 'en_us', 'conrad-anker-profile', NULL, '1', '2018-03-01 02:11:36', '2018-03-01 02:11:36', 'd046e572-0095-415b-9196-a21210655720'),
 ('59', '59', 'en_us', 'hitachi-logo', NULL, '1', '2018-03-01 02:11:43', '2018-03-01 02:11:43', '9ff5dcf7-15f5-4f84-aad2-264dca7912fd'),
 ('60', '60', 'en_us', '', NULL, '1', '2018-03-01 02:11:50', '2018-03-01 02:11:50', '7b8444d9-f2c8-48d8-a10e-7849045508eb'),
 ('61', '61', 'en_us', '', NULL, '1', '2018-03-01 02:11:50', '2018-03-01 02:11:50', '68cafee8-8861-4f2d-8bc5-9bfe0134e20a'),
 ('62', '62', 'en_us', '', NULL, '1', '2018-03-01 02:11:50', '2018-03-01 02:11:50', 'e5c10896-db3a-4293-91a2-ebd374087b5f'),
 ('63', '63', 'en_us', '', NULL, '1', '2018-03-01 02:11:50', '2018-03-01 02:11:50', '6fb5c64d-753e-4c77-abc7-175bf1d92fcd'),
 ('64', '64', 'en_us', 'northface-logo', NULL, '1', '2018-03-01 22:50:50', '2018-03-01 22:50:50', '8cf97230-eb21-451a-bedf-40ed2f4b3086'),
 ('65', '65', 'en_us', 'smartwool-logo', NULL, '1', '2018-03-01 22:51:06', '2018-03-01 22:51:06', 'b4578fb1-4985-4a18-9326-486ef38be0af'),
 ('66', '66', 'en_us', 'voke-logo', NULL, '1', '2018-03-01 22:51:28', '2018-03-01 22:51:28', 'aa8af991-e523-4dea-bb05-b26c41b9a7ff'),
 ('67', '67', 'en_us', 'petzl-logo', NULL, '1', '2018-03-01 22:51:59', '2018-03-01 22:51:59', 'fb56884e-04ba-470f-a593-2829b5169d83'),
 ('68', '68', 'en_us', 'rite-logo', NULL, '1', '2018-03-01 22:52:19', '2018-03-01 22:52:19', '763d42ef-638d-4129-9905-c52527b2496a'),
 ('69', '69', 'en_us', 'bigsky-logo', NULL, '1', '2018-03-01 22:52:44', '2018-03-01 22:52:44', 'd8296c51-d636-4b62-91dc-d4f77b032a1d'),
 ('70', '70', 'en_us', 'yeti-logo', NULL, '1', '2018-03-01 22:53:08', '2018-03-01 22:53:08', '7425dd5e-14ec-42aa-941e-259d47629462'),
 ('71', '71', 'en_us', 'bluewater-logo', NULL, '1', '2018-03-01 22:54:03', '2018-03-01 22:54:03', 'ce836df8-50b7-4dbe-aa84-8ae6d4c98f09'),
 ('72', '72', 'en_us', '', NULL, '1', '2018-03-01 22:54:39', '2018-03-01 22:54:39', 'a8cc9de5-6a48-41cb-8222-e728367f3219'),
 ('73', '73', 'en_us', '', NULL, '1', '2018-03-01 22:54:39', '2018-03-01 22:54:39', '442dc81a-d02e-4a27-afc5-31aa64df6bf3'),
 ('74', '74', 'en_us', '', NULL, '1', '2018-03-01 22:54:39', '2018-03-01 22:54:39', 'c24327ab-3d95-438c-83d4-66cdd0b2b91c'),
 ('75', '75', 'en_us', '', NULL, '1', '2018-03-01 22:54:39', '2018-03-01 22:54:39', 'b17bb564-119d-45c8-91f3-7ce75814d964'),
 ('76', '76', 'en_us', '', NULL, '1', '2018-03-01 22:54:39', '2018-03-01 22:54:39', 'a30f8569-be3d-457b-b73b-72ed347ab2eb'),
 ('77', '77', 'en_us', '', NULL, '1', '2018-03-01 22:54:39', '2018-03-01 22:54:39', '2b69525d-45f4-4660-8577-5f1628fe29c7'),
 ('78', '78', 'en_us', '', NULL, '1', '2018-03-01 22:54:39', '2018-03-01 22:54:39', '85c982c7-13b8-48cb-9ad8-487464e08d75'),
 ('79', '79', 'en_us', '', NULL, '1', '2018-03-01 22:54:39', '2018-03-01 22:54:39', '7f10b5bf-56d3-4f38-8462-bacc08dab720');



DROP TABLE IF EXISTS `craft_emailmessages`;


--
-- Schema for table `craft_emailmessages`
--
CREATE TABLE `craft_emailmessages` (
  `id` int(11) NOT NULL AUTO_INCREMENT,
  `key` char(150) COLLATE utf8_unicode_ci NOT NULL,
  `locale` char(12) COLLATE utf8_unicode_ci NOT NULL,
  `subject` varchar(1000) COLLATE utf8_unicode_ci NOT NULL,
  `body` text COLLATE utf8_unicode_ci NOT NULL,
  `dateCreated` datetime NOT NULL,
  `dateUpdated` datetime NOT NULL,
  `uid` char(36) COLLATE utf8_unicode_ci NOT NULL DEFAULT '0',
  PRIMARY KEY (`id`),
  UNIQUE KEY `craft_emailmessages_key_locale_unq_idx` (`key`,`locale`),
  KEY `craft_emailmessages_locale_fk` (`locale`)
) ENGINE=InnoDB DEFAULT CHARSET=utf8 COLLATE=utf8_unicode_ci;

DROP TABLE IF EXISTS `craft_entries`;


--
-- Schema for table `craft_entries`
--
CREATE TABLE `craft_entries` (
  `id` int(11) NOT NULL,
  `sectionId` int(11) NOT NULL,
  `typeId` int(11) DEFAULT NULL,
  `authorId` int(11) DEFAULT NULL,
  `postDate` datetime DEFAULT NULL,
  `expiryDate` datetime DEFAULT NULL,
  `dateCreated` datetime NOT NULL,
  `dateUpdated` datetime NOT NULL,
  `uid` char(36) COLLATE utf8_unicode_ci NOT NULL DEFAULT '0',
  PRIMARY KEY (`id`),
  KEY `craft_entries_sectionId_idx` (`sectionId`),
  KEY `craft_entries_typeId_idx` (`typeId`),
  KEY `craft_entries_postDate_idx` (`postDate`),
  KEY `craft_entries_expiryDate_idx` (`expiryDate`),
  KEY `craft_entries_authorId_fk` (`authorId`)
) ENGINE=InnoDB DEFAULT CHARSET=utf8 COLLATE=utf8_unicode_ci;

--
-- Data for table `craft_entries`
--

INSERT INTO `craft_entries` (`id`, `sectionId`, `typeId`, `authorId`, `postDate`, `expiryDate`, `dateCreated`, `dateUpdated`, `uid`) VALUES
 ('2', '1', NULL, NULL, '2018-02-23 22:54:12', NULL, '2018-02-23 22:54:12', '2018-02-23 22:54:12', '8bde4fb5-edf1-466c-9b2f-b65bd7bd813b'),
 ('4', '3', NULL, NULL, '2018-02-28 21:14:36', NULL, '2018-02-28 21:14:36', '2018-03-01 02:11:50', '6902372a-5271-452b-b0b5-0af8f6dd4a54'),
 ('5', '4', NULL, NULL, '2018-02-28 21:16:20', NULL, '2018-02-28 21:16:20', '2018-03-01 01:51:04', '7a2682eb-7e53-43fb-8137-ae027bbb091c');



DROP TABLE IF EXISTS `craft_entrydrafts`;


--
-- Schema for table `craft_entrydrafts`
--
CREATE TABLE `craft_entrydrafts` (
  `id` int(11) NOT NULL AUTO_INCREMENT,
  `entryId` int(11) NOT NULL,
  `sectionId` int(11) NOT NULL,
  `creatorId` int(11) NOT NULL,
  `locale` char(12) COLLATE utf8_unicode_ci NOT NULL,
  `name` varchar(255) COLLATE utf8_unicode_ci NOT NULL,
  `notes` tinytext COLLATE utf8_unicode_ci,
  `data` mediumtext COLLATE utf8_unicode_ci NOT NULL,
  `dateCreated` datetime NOT NULL,
  `dateUpdated` datetime NOT NULL,
  `uid` char(36) COLLATE utf8_unicode_ci NOT NULL DEFAULT '0',
  PRIMARY KEY (`id`),
  KEY `craft_entrydrafts_entryId_locale_idx` (`entryId`,`locale`),
  KEY `craft_entrydrafts_sectionId_fk` (`sectionId`),
  KEY `craft_entrydrafts_creatorId_fk` (`creatorId`),
  KEY `craft_entrydrafts_locale_fk` (`locale`)
) ENGINE=InnoDB DEFAULT CHARSET=utf8 COLLATE=utf8_unicode_ci;

DROP TABLE IF EXISTS `craft_entrytypes`;


--
-- Schema for table `craft_entrytypes`
--
CREATE TABLE `craft_entrytypes` (
  `id` int(11) NOT NULL AUTO_INCREMENT,
  `sectionId` int(11) NOT NULL,
  `fieldLayoutId` int(11) DEFAULT NULL,
  `name` varchar(255) COLLATE utf8_unicode_ci NOT NULL,
  `handle` varchar(255) COLLATE utf8_unicode_ci NOT NULL,
  `hasTitleField` tinyint(1) unsigned NOT NULL DEFAULT '1',
  `titleLabel` varchar(255) COLLATE utf8_unicode_ci DEFAULT 'Title',
  `titleFormat` varchar(255) COLLATE utf8_unicode_ci DEFAULT NULL,
  `sortOrder` smallint(6) unsigned DEFAULT NULL,
  `dateCreated` datetime NOT NULL,
  `dateUpdated` datetime NOT NULL,
  `uid` char(36) COLLATE utf8_unicode_ci NOT NULL DEFAULT '0',
  PRIMARY KEY (`id`),
  UNIQUE KEY `craft_entrytypes_name_sectionId_unq_idx` (`name`,`sectionId`),
  UNIQUE KEY `craft_entrytypes_handle_sectionId_unq_idx` (`handle`,`sectionId`),
  KEY `craft_entrytypes_sectionId_fk` (`sectionId`),
  KEY `craft_entrytypes_fieldLayoutId_fk` (`fieldLayoutId`)
) ENGINE=InnoDB AUTO_INCREMENT=5 DEFAULT CHARSET=utf8 COLLATE=utf8_unicode_ci;

--
-- Data for table `craft_entrytypes`
--

INSERT INTO `craft_entrytypes` (`id`, `sectionId`, `fieldLayoutId`, `name`, `handle`, `hasTitleField`, `titleLabel`, `titleFormat`, `sortOrder`, `dateCreated`, `dateUpdated`, `uid`) VALUES
 ('1', '1', '3', 'Homepage', 'homepage', '1', 'Title', NULL, '1', '2018-02-23 22:54:12', '2018-02-23 22:54:12', '658a4b4e-12b4-4bf8-9822-c205ecd218bb'),
 ('3', '3', '21', 'Engage', 'engage', '0', NULL, '{section.name|raw}', '1', '2018-02-28 21:14:36', '2018-03-01 00:33:44', '12624cfd-d276-432e-b7a7-edb21c3206bc'),
 ('4', '4', '22', 'Explore', 'explore', '0', NULL, '{section.name|raw}', '1', '2018-02-28 21:16:20', '2018-03-01 00:34:34', 'ec8dd6cb-f845-44ac-a4fa-77b8956f08e4');



DROP TABLE IF EXISTS `craft_entryversions`;


--
-- Schema for table `craft_entryversions`
--
CREATE TABLE `craft_entryversions` (
  `id` int(11) NOT NULL AUTO_INCREMENT,
  `entryId` int(11) NOT NULL,
  `sectionId` int(11) NOT NULL,
  `creatorId` int(11) DEFAULT NULL,
  `locale` char(12) COLLATE utf8_unicode_ci NOT NULL,
  `num` smallint(6) unsigned NOT NULL,
  `notes` tinytext COLLATE utf8_unicode_ci,
  `data` mediumtext COLLATE utf8_unicode_ci NOT NULL,
  `dateCreated` datetime NOT NULL,
  `dateUpdated` datetime NOT NULL,
  `uid` char(36) COLLATE utf8_unicode_ci NOT NULL DEFAULT '0',
  PRIMARY KEY (`id`),
  KEY `craft_entryversions_entryId_locale_idx` (`entryId`,`locale`),
  KEY `craft_entryversions_sectionId_fk` (`sectionId`),
  KEY `craft_entryversions_creatorId_fk` (`creatorId`),
  KEY `craft_entryversions_locale_fk` (`locale`)
) ENGINE=InnoDB AUTO_INCREMENT=11 DEFAULT CHARSET=utf8 COLLATE=utf8_unicode_ci;

--
-- Data for table `craft_entryversions`
--

INSERT INTO `craft_entryversions` (`id`, `entryId`, `sectionId`, `creatorId`, `locale`, `num`, `notes`, `data`, `dateCreated`, `dateUpdated`, `uid`) VALUES
 ('1', '2', '1', '1', 'en_us', '1', NULL, '{\"typeId\":\"1\",\"authorId\":null,\"title\":\"Homepage\",\"slug\":\"homepage\",\"postDate\":1519426452,\"expiryDate\":null,\"enabled\":1,\"parentId\":null,\"fields\":[]}', '2018-02-23 22:54:12', '2018-02-23 22:54:12', '233e05ff-d62e-445a-b51b-7290f483f486'),
 ('2', '2', '1', '1', 'en_us', '2', NULL, '{\"typeId\":null,\"authorId\":null,\"title\":\"Welcome to Ec2-18-219-215-43.us-east-2.compute.amazonaws.com!\",\"slug\":\"homepage\",\"postDate\":1519426452,\"expiryDate\":null,\"enabled\":\"1\",\"parentId\":null,\"fields\":{\"1\":\"<p>It\\u2019s true, this site doesn\\u2019t have a whole lot of content yet, but don\\u2019t worry. Our web developers have just installed the CMS, and they\\u2019re setting things up for the content editors this very moment. Soon Ec2-18-219-215-43.us-east-2.compute.amazonaws.com will be an oasis of fresh perspectives, sharp analyses, and astute opinions that will keep you coming back again and again.<\\/p>\"}}', '2018-02-23 22:54:12', '2018-02-23 22:54:12', 'c9f5bdd5-1d5a-4307-ad42-52e483e3790a'),
 ('4', '4', '3', '1', 'en_us', '1', NULL, '{\"typeId\":\"3\",\"authorId\":null,\"title\":\"Engage\",\"slug\":\"engage\",\"postDate\":1519852476,\"expiryDate\":null,\"enabled\":1,\"parentId\":null,\"fields\":[]}', '2018-02-28 21:14:36', '2018-02-28 21:14:36', 'e6e8d7bd-bef7-400d-a053-3dfdd8eadd14'),
 ('5', '5', '4', '1', 'en_us', '1', NULL, '{\"typeId\":\"4\",\"authorId\":null,\"title\":\"Explore\",\"slug\":\"explore\",\"postDate\":1519852580,\"expiryDate\":null,\"enabled\":1,\"parentId\":null,\"fields\":[]}', '2018-02-28 21:16:20', '2018-02-28 21:16:20', 'b073118a-337a-49ea-b44d-dc9fe2cd4a81'),
 ('6', '5', '4', '1', 'en_us', '2', '', '{\"typeId\":null,\"authorId\":null,\"title\":\"Explore\",\"slug\":\"explore\",\"postDate\":1519852580,\"expiryDate\":null,\"enabled\":1,\"parentId\":null,\"fields\":{\"4\":\"<ul><li>First ascent of the Shark\\u2019s Fin on Meru<\\/li><li>Mallory and Irvine Research Expedition, Everest<\\/li><li>First ascent of Rakekniven Peak, Queen Maud Land, Antarctica<\\/li><li>First ascent of the East Face of Vinson Massif, Ellsworth Mountains, Antarctica<\\/li><li>Stump\\/Anker Route, Streaked Wall, VI 5.11 A4 4\\/90 fa Zion, Utah<\\/li><li>Winner of the 2015 Sundance US Documentary Audience Award<\\/li><li>Honorary PHD from University of Utah<\\/li><\\/ul>\",\"3\":\"<p>Conrad Anker is a climber\\u2019s climber, at home on a faraway alpine wall or the sparkling ice of his home canyon, Hyalite, located in the Gallatin Range of southwestern Montana. Over decades in the mountains, he has come to value the rarified air of Antarctica, the Himalaya and Montana equally; inspired by the value of immersion in other ecosystems and cultures, he\\u2019s become more fully enmeshed in both the physical and communal landscape of his hometown of Bozeman. Conrad came to climbing by way of his family, learning a deep appreciation for the outdoors from his California childhood, an appreciation and respect that has deepened as climbing took him around the world.<\\/p>\\r\\n<p>Conrad is still climbing at full throttle. The master of technical mountaineering and Captain of The North Face Global Athlete Team has over 30 years of experience under his belt, yet is still chasing first ascents. In 2011, he summited the Shark\\u2019s Fin, one of the last unclimbed Himalayan peaks, and in 2012, led an expedition to recreate the historic 1963 American Mount Everest Expedition. He\\u2019s a visionary, a champion for the environment, a pioneer and the best comrade you\\u2019ll find at 25,000 feet&mdash;he\\u2019s dedicated every ounce of his being to this life. Legendary doesn\\u2019t even begin to describe him.<\\/p>\",\"14\":\"\",\"21\":\"\",\"5\":{\"new1\":{\"type\":\"rightSideThumbnail\",\"enabled\":\"1\",\"fields\":{\"nameOfExpedition\":\"Expedition Antarctica\",\"videoLink\":\"Coming Soon\",\"expeditionDescription\":\"Facing extreme and challenging conditions, the goal of this month-long expedition is to reach as many summits of the Wolf\\u2019s Jaw massif as possible.\",\"thumbnailImage\":[\"8\"],\"learnMoreLink\":\"https:\\/\\/www.nationalgeographic.com\\/adventure\\/destinations\\/antarctica\\/expedition-antarctica\\/\",\"purchaseLink\":\"\"}},\"new2\":{\"type\":\"leftSideThumbnail\",\"enabled\":\"1\",\"fields\":{\"nameOfExpedition\":\"Meru\",\"videoLink\":\"https:\\/\\/www.youtube.com\\/watch?v=YvS6O9lVkkg \",\"expeditionBody\":\"After suffering dramatic setbacks in their lives, three close friends who are among the world\\u2019s best professional climbers battle their complicated pasts, inner demons and nature\\u2019s harshest elements in an attempt to confront the Shark\\u2019s Fin on Mount Meru, the most technically complicated and dangerous peak in the Himalayas, one that has never been scaled to completion.\",\"thumbnailImage\":[\"10\"],\"learnMoreLink\":\"http:\\/\\/www.merufilm.com\\/\",\"purchaseLink\":\"https:\\/\\/itunes.apple.com\\/us\\/movie\\/meru\\/id1030748788?mt=6&ign-itsct=1030748788-1030748788&ign-itscg=0177&ign-mpt=uo%3D4\"}},\"new3\":{\"type\":\"rightSideThumbnail\",\"enabled\":\"1\",\"fields\":{\"nameOfExpedition\":\"Always Above Us\",\"videoLink\":\"https:\\/\\/www.youtube.com\\/watch?v=xOm6Nktxof4 \",\"expeditionDescription\":\"Leading the life of a climber involves a tremendous amount of sacrifice and hardship, but for team athletes Conrad Anker and Kris Erickson, there\'s no living without it. \",\"thumbnailImage\":[\"11\"],\"learnMoreLink\":\"https:\\/\\/www.thenorthface.com\\/about-us\\/expeditions\\/always-above-us-2014.html\",\"purchaseLink\":\"\"}},\"new4\":{\"type\":\"leftSideThumbnail\",\"enabled\":\"1\",\"fields\":{\"nameOfExpedition\":\"National Parks Adventure\",\"videoLink\":\"https:\\/\\/www.youtube.com\\/watch?v=0iqF2Tk_1WA\",\"expeditionBody\":\"Narrated by Academy Award winner Robert Redford, National Parks Adventure takes audiences on the ultimate off-trail adventure into the nation\\u2019s awe-inspiring great outdoors and untamed wilderness.\",\"thumbnailImage\":[\"12\"],\"learnMoreLink\":\"https:\\/\\/nationalparksadventure.com\\/\",\"purchaseLink\":\"\"}}},\"20\":\"\"}}', '2018-03-01 01:35:19', '2018-03-01 01:35:19', 'fbbaca3b-beb8-4b56-8bef-6ba0e1585945'),
 ('7', '5', '4', '1', 'en_us', '3', '', '{\"typeId\":null,\"authorId\":null,\"title\":\"Explore\",\"slug\":\"explore\",\"postDate\":1519852580,\"expiryDate\":null,\"enabled\":1,\"parentId\":null,\"fields\":{\"4\":\"<ul><li>First ascent of the Shark\\u2019s Fin on Meru<\\/li><li>Mallory and Irvine Research Expedition, Everest<\\/li><li>First ascent of Rakekniven Peak, Queen Maud Land, Antarctica<\\/li><li>First ascent of the East Face of Vinson Massif, Ellsworth Mountains, Antarctica<\\/li><li>Stump\\/Anker Route, Streaked Wall, VI 5.11 A4 4\\/90 fa Zion, Utah<\\/li><li>Winner of the 2015 Sundance US Documentary Audience Award<\\/li><li>Honorary PHD from University of Utah<\\/li><\\/ul>\",\"3\":\"<p>Conrad Anker is a climber\\u2019s climber, at home on a faraway alpine wall or the sparkling ice of his home canyon, Hyalite, located in the Gallatin Range of southwestern Montana. Over decades in the mountains, he has come to value the rarified air of Antarctica, the Himalaya and Montana equally; inspired by the value of immersion in other ecosystems and cultures, he\\u2019s become more fully enmeshed in both the physical and communal landscape of his hometown of Bozeman. Conrad came to climbing by way of his family, learning a deep appreciation for the outdoors from his California childhood, an appreciation and respect that has deepened as climbing took him around the world.<\\/p>\\r\\n<p>Conrad is still climbing at full throttle. The master of technical mountaineering and Captain of The North Face Global Athlete Team has over 30 years of experience under his belt, yet is still chasing first ascents. In 2011, he summited the Shark\\u2019s Fin, one of the last unclimbed Himalayan peaks, and in 2012, led an expedition to recreate the historic 1963 American Mount Everest Expedition. He\\u2019s a visionary, a champion for the environment, a pioneer and the best comrade you\\u2019ll find at 25,000 feet&mdash;he\\u2019s dedicated every ounce of his being to this life. Legendary doesn\\u2019t even begin to describe him.<\\/p>\",\"14\":{\"new1\":{\"type\":\"timelineEvent\",\"enabled\":\"1\",\"fields\":{\"nameOfEvent\":\"Everest Expedition 2012\",\"eventBackgroundImage\":[\"17\"],\"eventDescription\":\"To climb the West Ridge and the Southeast Ridge of Mount Everest in an expedition supported by National Geographic, The North Face, and Montana State University. Team members will measure the summit, conduct groundbreaking geological research and work with The Mayo Clinic to conduct tests on high-altitude human physiology.\"}}},\"21\":\"\",\"5\":{\"13\":{\"type\":\"rightSideThumbnail\",\"enabled\":\"1\",\"fields\":{\"nameOfExpedition\":\"Expedition Antarctica\",\"videoLink\":\"Coming Soon\",\"expeditionDescription\":\"Facing extreme and challenging conditions, the goal of this month-long expedition is to reach as many summits of the Wolf\\u2019s Jaw massif as possible.\",\"thumbnailImage\":[\"8\"],\"learnMoreLink\":\"https:\\/\\/www.nationalgeographic.com\\/adventure\\/destinations\\/antarctica\\/expedition-antarctica\\/\",\"purchaseLink\":\"\"}},\"14\":{\"type\":\"leftSideThumbnail\",\"enabled\":\"1\",\"fields\":{\"nameOfExpedition\":\"Meru\",\"videoLink\":\"https:\\/\\/www.youtube.com\\/watch?v=YvS6O9lVkkg \",\"expeditionBody\":\"After suffering dramatic setbacks in their lives, three close friends who are among the world\\u2019s best professional climbers battle their complicated pasts, inner demons and nature\\u2019s harshest elements in an attempt to confront the Shark\\u2019s Fin on Mount Meru, the most technically complicated and dangerous peak in the Himalayas, one that has never been scaled to completion.\",\"thumbnailImage\":[\"10\"],\"learnMoreLink\":\"http:\\/\\/www.merufilm.com\\/\",\"purchaseLink\":\"https:\\/\\/itunes.apple.com\\/us\\/movie\\/meru\\/id1030748788?mt=6&ign-itsct=1030748788-1030748788&ign-itscg=0177&ign-mpt=uo%3D4\"}},\"15\":{\"type\":\"rightSideThumbnail\",\"enabled\":\"1\",\"fields\":{\"nameOfExpedition\":\"Always Above Us\",\"videoLink\":\"https:\\/\\/www.youtube.com\\/watch?v=xOm6Nktxof4 \",\"expeditionDescription\":\"Leading the life of a climber involves a tremendous amount of sacrifice and hardship, but for team athletes Conrad Anker and Kris Erickson, there\'s no living without it. \",\"thumbnailImage\":[\"11\"],\"learnMoreLink\":\"https:\\/\\/www.thenorthface.com\\/about-us\\/expeditions\\/always-above-us-2014.html\",\"purchaseLink\":\"\"}},\"16\":{\"type\":\"leftSideThumbnail\",\"enabled\":\"1\",\"fields\":{\"nameOfExpedition\":\"National Parks Adventure\",\"videoLink\":\"https:\\/\\/www.youtube.com\\/watch?v=0iqF2Tk_1WA\",\"expeditionBody\":\"Narrated by Academy Award winner Robert Redford, National Parks Adventure takes audiences on the ultimate off-trail adventure into the nation\\u2019s awe-inspiring great outdoors and untamed wilderness.\",\"thumbnailImage\":[\"12\"],\"learnMoreLink\":\"https:\\/\\/nationalparksadventure.com\\/\",\"purchaseLink\":\"\"}}},\"20\":\"\"}}', '2018-03-01 01:40:33', '2018-03-01 01:40:33', '2ceb11fe-03da-40ad-b8d9-9733205e2d0e'),
 ('8', '5', '4', '1', 'en_us', '4', '', '{\"typeId\":null,\"authorId\":null,\"title\":\"Explore\",\"slug\":\"explore\",\"postDate\":1519852580,\"expiryDate\":null,\"enabled\":1,\"parentId\":null,\"fields\":{\"4\":\"<ul><li>First ascent of the Shark\\u2019s Fin on Meru<\\/li><li>Mallory and Irvine Research Expedition, Everest<\\/li><li>First ascent of Rakekniven Peak, Queen Maud Land, Antarctica<\\/li><li>First ascent of the East Face of Vinson Massif, Ellsworth Mountains, Antarctica<\\/li><li>Stump\\/Anker Route, Streaked Wall, VI 5.11 A4 4\\/90 fa Zion, Utah<\\/li><li>Winner of the 2015 Sundance US Documentary Audience Award<\\/li><li>Honorary PHD from University of Utah<\\/li><\\/ul>\",\"3\":\"<p>Conrad Anker is a climber\\u2019s climber, at home on a faraway alpine wall or the sparkling ice of his home canyon, Hyalite, located in the Gallatin Range of southwestern Montana. Over decades in the mountains, he has come to value the rarified air of Antarctica, the Himalaya and Montana equally; inspired by the value of immersion in other ecosystems and cultures, he\\u2019s become more fully enmeshed in both the physical and communal landscape of his hometown of Bozeman. Conrad came to climbing by way of his family, learning a deep appreciation for the outdoors from his California childhood, an appreciation and respect that has deepened as climbing took him around the world.<\\/p>\\r\\n<p>Conrad is still climbing at full throttle. The master of technical mountaineering and Captain of The North Face Global Athlete Team has over 30 years of experience under his belt, yet is still chasing first ascents. In 2011, he summited the Shark\\u2019s Fin, one of the last unclimbed Himalayan peaks, and in 2012, led an expedition to recreate the historic 1963 American Mount Everest Expedition. He\\u2019s a visionary, a champion for the environment, a pioneer and the best comrade you\\u2019ll find at 25,000 feet&mdash;he\\u2019s dedicated every ounce of his being to this life. Legendary doesn\\u2019t even begin to describe him.<\\/p>\",\"14\":{\"18\":{\"type\":\"timelineEvent\",\"enabled\":\"1\",\"fields\":{\"nameOfEvent\":\"Everest Expedition 2012\",\"eventBackgroundImage\":[\"17\"],\"eventDescription\":\"To climb the West Ridge and the Southeast Ridge of Mount Everest in an expedition supported by National Geographic, The North Face, and Montana State University. Team members will measure the summit, conduct groundbreaking geological research and work with The Mayo Clinic to conduct tests on high-altitude human physiology.\"}},\"new1\":{\"type\":\"timelineEvent\",\"enabled\":\"1\",\"fields\":{\"nameOfEvent\":\"Shark\'s Fin, Meru 2011\",\"eventBackgroundImage\":[\"19\"],\"eventDescription\":\"Second attempt on the 21,000-foot mountain to get the first ascent of The Shark\'s Fin.\"}},\"new2\":{\"type\":\"timelineEvent\",\"enabled\":\"1\",\"fields\":{\"nameOfEvent\":\"Everest Extreme Ice Survey\",\"eventBackgroundImage\":[\"20\"],\"eventDescription\":\"Boulder-based Extreme Ice Survey\\u2019s research of the world\\u2019s glaciers reached new heights this year when a field team mounted five time-lapse cameras in three locations high in the Himalayas. The cameras, mounted in late April and early May, are in position to document the changing glacial landscape on Mount Everest and the nearby mountain of Ama Dablam, focusing on the Khumbu and Nare Glaciers. Their locations were decided by Extreme Ice Survey director James Balog and well-known mountaineer Conrad Anker to match historical photographs the two found during research at the American Alpine Club Library in Golden.\"}},\"new3\":{\"type\":\"timelineEvent\",\"enabled\":\"1\",\"fields\":{\"nameOfEvent\":\"Shark\'s Fin, Meru 2009\",\"eventBackgroundImage\":[\"21\"],\"eventDescription\":\"Jimmy Chin, Renan Ozturk, and Conrad Anker journey to the headwaters of the Ganges, on their attempt to scale the unclimbed central pillar of Mount Meru (6310 meters). Their objective was to climb the 1300 meter high altitude wall of the Shark\\u2019s Fin in big wall capsule style.\"}},\"new4\":{\"type\":\"timelineEvent\",\"enabled\":\"1\",\"fields\":{\"nameOfEvent\":\"Everest Tibet Side 2007\",\"eventBackgroundImage\":[\"22\"],\"eventDescription\":\"The 2007 expedition team with film crew investigated Mallory and Irvine\\u2019s last journey in forensic detail and tested the durability of their clothing and equipment in the unforgiving conditions of Everest \\u2013 all to reconstruct Mallory and Irvine\\u2019s final, fateful hours. Key to the understanding of their summit attempt was to be the climbers\\u2019 attempt to climb the Second Step \\u2013 without the ladder installed by the Chinese \\u2013 a 90-foot cliff that defied every climber after Mallory for half a century. 28,140 feet high, it is the one barrier that may have stopped Mallory and Irvine from reaching the summit in 1924.\"}}},\"21\":{\"new1\":{\"type\":\"pressPiece\",\"enabled\":\"1\",\"fields\":{\"publication\":\"CBS This Morning\",\"articleTitle\":\"Antarctica Climbers\",\"description\":\"Hidden deep within Antarctica\'s icy terrain lie half-a-dozen mountains that few climbers have summited. One group decided to scale all six, something no one had ever done before. They completed the expedition in less than 10 days. Conrad Anker, Cedar Wright and Alex Honnold, three of the all-star North Face climbers who recently returned from that journey, join \\\"CBS This Morning\\\" to discuss their experiences.\",\"seeMoreLink\":\"http:\\/\\/www.cbs.com\\/shows\\/cbs_this_morning\\/video\\/z7irE2yRGTgDilzZYhB0qCGeddHSmVEe\\/climbers-on-scaling-antarctica-mountains-spirit-of-exploration\\/\"}},\"new2\":{\"type\":\"pressPiece\",\"enabled\":\"1\",\"fields\":{\"publication\":\"National Geographic\",\"articleTitle\":\"Expedition Antarctica\",\"description\":\"A team of six accomplished American climbers are currently exploring Queen Maud Land, an otherworldly territory of Antarctica. Facing extreme and challenging conditions, the goal of this month-long expedition is to reach as many summits of the Wolf\\u2019s Jaw massif as possible.\",\"seeMoreLink\":\"https:\\/\\/www.nationalgeographic.com\\/adventure\\/destinations\\/antarctica\\/expedition-antarctica\\/ \"}},\"new3\":{\"type\":\"pressPiece\",\"enabled\":\"1\",\"fields\":{\"publication\":\"Men\'s Journal\",\"articleTitle\":\"Life Advice from Conrad Anker\",\"description\":\"A collection of life\'s pressing questions, answered candidly by Conrad Anker.\",\"seeMoreLink\":\"https:\\/\\/www.mensjournal.com\\/adventure\\/life-advice-from-conrad-anker-w201283\"}},\"new4\":{\"type\":\"pressPiece\",\"enabled\":\"1\",\"fields\":{\"publication\":\"Outside Magazine\",\"articleTitle\":\"An Icy Michigan Landscape Becomes Conrad Anker\\u2019s Playground\",\"description\":\"A collection of images and captured during the filming of National Parks Adventure.\",\"seeMoreLink\":\"https:\\/\\/www.outsideonline.com\\/2066486\\/icy-michigan-landscape-becomes-conrad-ankers-playground \"}},\"new5\":{\"type\":\"pressPiece\",\"enabled\":\"1\",\"fields\":{\"publication\":\"Gear Junkie\",\"articleTitle\":\"Hyalite Alpine: Climbing Ice With Conrad Anker\",\"description\":\"We\\u2019re in Hyalite Canyon, an alpine wonderland above Anker\\u2019s hometown of Bozeman, Mont., looking up at a dark corner of dripping stone and ice. \",\"seeMoreLink\":\"https:\\/\\/gearjunkie.com\\/featured\\/ice-climbing-conrad-anker-hyalite\"}},\"new6\":{\"type\":\"pressPiece\",\"enabled\":\"1\",\"fields\":{\"publication\":\"Outside Magazine\",\"articleTitle\":\"How Conrad Risked it All to Chase a Dream\",\"description\":\"After winning the coveted audience award at Sundance, the documentary \'Meru\' is getting a nationwide theatrical release next month. How did a climbing movie break through with mainstream audiences? Credit the incredible story at its center: a tale of tragedy, family, friendship, risk, and the redemptive power of suffering.\",\"seeMoreLink\":\"https:\\/\\/www.outsideonline.com\\/1990471\\/meru-conrad-anker-profile\"}}},\"5\":{\"13\":{\"type\":\"rightSideThumbnail\",\"enabled\":\"1\",\"fields\":{\"nameOfExpedition\":\"Expedition Antarctica\",\"videoLink\":\"Coming Soon\",\"expeditionDescription\":\"Facing extreme and challenging conditions, the goal of this month-long expedition is to reach as many summits of the Wolf\\u2019s Jaw massif as possible.\",\"thumbnailImage\":[\"8\"],\"learnMoreLink\":\"https:\\/\\/www.nationalgeographic.com\\/adventure\\/destinations\\/antarctica\\/expedition-antarctica\\/\",\"purchaseLink\":\"\"}},\"14\":{\"type\":\"leftSideThumbnail\",\"enabled\":\"1\",\"fields\":{\"nameOfExpedition\":\"Meru\",\"videoLink\":\"https:\\/\\/www.youtube.com\\/watch?v=YvS6O9lVkkg \",\"expeditionBody\":\"After suffering dramatic setbacks in their lives, three close friends who are among the world\\u2019s best professional climbers battle their complicated pasts, inner demons and nature\\u2019s harshest elements in an attempt to confront the Shark\\u2019s Fin on Mount Meru, the most technically complicated and dangerous peak in the Himalayas, one that has never been scaled to completion.\",\"thumbnailImage\":[\"10\"],\"learnMoreLink\":\"http:\\/\\/www.merufilm.com\\/\",\"purchaseLink\":\"https:\\/\\/itunes.apple.com\\/us\\/movie\\/meru\\/id1030748788?mt=6&ign-itsct=1030748788-1030748788&ign-itscg=0177&ign-mpt=uo%3D4\"}},\"15\":{\"type\":\"rightSideThumbnail\",\"enabled\":\"1\",\"fields\":{\"nameOfExpedition\":\"Always Above Us\",\"videoLink\":\"https:\\/\\/www.youtube.com\\/watch?v=xOm6Nktxof4 \",\"expeditionDescription\":\"Leading the life of a climber involves a tremendous amount of sacrifice and hardship, but for team athletes Conrad Anker and Kris Erickson, there\'s no living without it. \",\"thumbnailImage\":[\"11\"],\"learnMoreLink\":\"https:\\/\\/www.thenorthface.com\\/about-us\\/expeditions\\/always-above-us-2014.html\",\"purchaseLink\":\"\"}},\"16\":{\"type\":\"leftSideThumbnail\",\"enabled\":\"1\",\"fields\":{\"nameOfExpedition\":\"National Parks Adventure\",\"videoLink\":\"https:\\/\\/www.youtube.com\\/watch?v=0iqF2Tk_1WA\",\"expeditionBody\":\"Narrated by Academy Award winner Robert Redford, National Parks Adventure takes audiences on the ultimate off-trail adventure into the nation\\u2019s awe-inspiring great outdoors and untamed wilderness.\",\"thumbnailImage\":[\"12\"],\"learnMoreLink\":\"https:\\/\\/nationalparksadventure.com\\/\",\"purchaseLink\":\"\"}}},\"20\":\"Conrad\\u2019s gear room is one of the most coveted in the world of mountaineering enthusiasts. This room is where every great expedition truly begins.\"}}', '2018-03-01 01:51:04', '2018-03-01 01:51:04', 'fc455abf-04ec-4088-8ca6-2d7bb07ab224'),
 ('9', '4', '3', '1', 'en_us', '2', '', '{\"typeId\":null,\"authorId\":null,\"title\":\"Engage\",\"slug\":\"engage\",\"postDate\":1519852476,\"expiryDate\":null,\"enabled\":1,\"parentId\":null,\"fields\":{\"27\":\"<p>Conrad is a direct advocate for these incredible organizations<\\/p>\",\"28\":{\"new1\":{\"type\":\"rightSideImage\",\"enabled\":\"1\",\"fields\":{\"nameOfOrganization\":\"Protect Our Winters\",\"shortDescription\":\"Protect Our Winters is a passionate crew of diehards, professional athletes and industry brands mobilizing the outdoor sports community to lead the charge towards positive climate action.\",\"learnMoreLink\":\"https:\\/\\/protectourwinters.org\\/\",\"thumbnailImage\":[\"33\"]}},\"new2\":{\"type\":\"leftSideImage\",\"enabled\":\"1\",\"fields\":{\"nameOfOrganization\":\"Alex Lowe Charitable Foundation\",\"shortDescription\":\"The Alex Lowe Charitable Foundation (ALCF) is dedicated to preserving Alex Lowe\'s legacy by providing direction and financial support to sustainable, community-based humanitarian programs designed to help the people who live in remote regions of the world. This foundation carries on Alex\'s spirit of adventure.\",\"learnMoreLink\":\"http:\\/\\/www.alexlowe.org\\/\",\"thumbnailImage\":[\"34\"]}}},\"26\":\"<p>We do not just measure greatness by the peaks that we climb, or the heights that we reach, but rather by the positive impact that we create for ourselves, our communities, and our planet. Our goodness to each other is what makes us whole, and what endures for generations beyond our physical feats & achievements.<\\/p>\\r\\n<p>Conrad invites everyone who is inspired by the wisdom of the great outdoors to <b>engage<\\/b> in the conversation of conservation, and become an advocate for nature, and protecting our sacred mother earth.<\\/p>\",\"43\":\"<p>\\u201cEnlightenment isn\\u2019t found with a full stomach, or on a soft pillow.\\u201d&nbsp;<\\/p><p>- Conrad Anker<\\/p>\",\"48\":{\"new1\":{\"type\":\"date\",\"enabled\":\"1\",\"fields\":{\"dateOfEvent\":{\"date\":\"4\\/1\\/2018\"},\"titleOfEvent\":\"Website Launch\",\"locationOfEvent\":\"Bozeman, MT\",\"typeOfEvent\":\"speaking\",\"latLong\":\"45N\\/111W\"}},\"new2\":{\"type\":\"date\",\"enabled\":\"1\",\"fields\":{\"dateOfEvent\":{\"date\":\"4\\/30\\/2018\"},\"titleOfEvent\":\"Ascend Hyalite\",\"locationOfEvent\":\"Bozeman, MT\",\"typeOfEvent\":\"adventure\",\"latLong\":\"45N\\/111W\"}}},\"37\":\"<p>Speaking to crowds in size ranging from college lecture halls to massive graduation ceremonies, Conrad reflects on lessons learned from his prodigious accomplishments, close calls, and overwhelming obstacles. Though the life of a climber seems to sometimes be fraught with innumerable challenges, Conrad\\u2019s optimism and positivity has given him the strength to endure what many would classify as impossible. And that\\u2019s a sentiment he aims to share through his words.<\\/p>\\r\\n<p>I\\u2019ve learned that these things&mdash;my family, my passion for climbing and for being a force for good in the local community and in the larger community&mdash;are the source of happiness for me,\\u201d he says. \\u201cI know that life will keep changing and keep throwing new challenges my way, but my intent is always to embrace them and explore them and find a way to turn them into an experience that\\u2019s rewarding. Even when we\\u2019re suffering, whether it\\u2019s in the mountains or because of something going on at home, trying situations are a way to understand our human condition. You have to try to rise above the adversity. I like doing that.\\u201d<\\/p>\\r\\n\",\"38\":\"\",\"54\":\"Every mountaineer needs an exemplary team of partners to reach the summit. \",\"55\":{\"new1\":{\"type\":\"teamMember\",\"enabled\":\"1\",\"fields\":{\"nameOfMember\":\"Conrad Anker\",\"position\":\"Team Leader\",\"headshot\":[\"35\"]}},\"new2\":{\"type\":\"teamMember\",\"enabled\":\"1\",\"fields\":{\"nameOfMember\":\"Pamela Hainsworth\",\"position\":\"Girl Friday\",\"headshot\":[\"36\"]}},\"new3\":{\"type\":\"teamMember\",\"enabled\":\"1\",\"fields\":{\"nameOfMember\":\"Ben Ende\",\"position\":\"RXR Sports\",\"headshot\":[\"37\"]}},\"new4\":{\"type\":\"teamMember\",\"enabled\":\"1\",\"fields\":{\"nameOfMember\":\"Jonathan Retseck\",\"position\":\"RXR Sports\",\"headshot\":[\"39\"]}}},\"44\":{\"new1\":{\"type\":\"testimonial\",\"enabled\":\"1\",\"fields\":{\"nameOfPerson\":\"Testimonial 1\",\"affiliation\":\"Company 1\",\"quote\":\"\\u201cConrad was amazing\\u201d\"}},\"new2\":{\"type\":\"testimonial\",\"enabled\":\"1\",\"fields\":{\"nameOfPerson\":\"Testimonial 2\",\"affiliation\":\"Company 2\",\"quote\":\"\\u201cConrad was great\\u201d\"}},\"new3\":{\"type\":\"testimonial\",\"enabled\":\"1\",\"fields\":{\"nameOfPerson\":\"Testimonial 3\",\"affiliation\":\"Company 3\",\"quote\":\"\\u201cConrad inspired us\\u201d\"}}}}}', '2018-03-01 02:04:08', '2018-03-01 02:04:08', 'c3dea8dd-806f-4ce5-99a3-ed35928e3d97'),
 ('10', '4', '3', '1', 'en_us', '3', '', '{\"typeId\":null,\"authorId\":null,\"title\":\"Engage\",\"slug\":\"engage\",\"postDate\":1519852476,\"expiryDate\":null,\"enabled\":1,\"parentId\":null,\"fields\":{\"27\":\"<p>Conrad is a direct advocate for these incredible organizations<\\/p>\",\"28\":{\"40\":{\"type\":\"rightSideImage\",\"enabled\":\"1\",\"fields\":{\"nameOfOrganization\":\"Protect Our Winters\",\"shortDescription\":\"Protect Our Winters is a passionate crew of diehards, professional athletes and industry brands mobilizing the outdoor sports community to lead the charge towards positive climate action.\",\"learnMoreLink\":\"https:\\/\\/protectourwinters.org\\/\",\"thumbnailImage\":[\"33\"]}},\"41\":{\"type\":\"leftSideImage\",\"enabled\":\"1\",\"fields\":{\"nameOfOrganization\":\"Alex Lowe Charitable Foundation\",\"shortDescription\":\"The Alex Lowe Charitable Foundation (ALCF) is dedicated to preserving Alex Lowe\'s legacy by providing direction and financial support to sustainable, community-based humanitarian programs designed to help the people who live in remote regions of the world. This foundation carries on Alex\'s spirit of adventure.\",\"learnMoreLink\":\"http:\\/\\/www.alexlowe.org\\/\",\"thumbnailImage\":[\"34\"]}}},\"26\":\"<p>We do not just measure greatness by the peaks that we climb, or the heights that we reach, but rather by the positive impact that we create for ourselves, our communities, and our planet. Our goodness to each other is what makes us whole, and what endures for generations beyond our physical feats & achievements.<\\/p>\\r\\n<p>Conrad invites everyone who is inspired by the wisdom of the great outdoors to <strong>engage<\\/strong> in the conversation of conservation, and become an advocate for nature, and protecting our sacred mother earth.<\\/p>\",\"43\":\"<p>\\u201cEnlightenment isn\\u2019t found with a full stomach, or on a soft pillow.\\u201d&nbsp;<\\/p>\\r\\n<p>- Conrad Anker<\\/p>\",\"48\":{\"45\":{\"type\":\"date\",\"enabled\":\"1\",\"fields\":{\"dateOfEvent\":{\"date\":\"4\\/1\\/2018\"},\"titleOfEvent\":\"Website Launch\",\"locationOfEvent\":\"Bozeman, MT\",\"typeOfEvent\":\"speaking\",\"latLong\":\"45N\\/111W\"}},\"46\":{\"type\":\"date\",\"enabled\":\"1\",\"fields\":{\"dateOfEvent\":{\"date\":\"4\\/30\\/2018\"},\"titleOfEvent\":\"Ascend Hyalite\",\"locationOfEvent\":\"Bozeman, MT\",\"typeOfEvent\":\"adventure\",\"latLong\":\"45N\\/111W\"}}},\"37\":\"<p>Speaking to crowds in size ranging from college lecture halls to massive graduation ceremonies, Conrad reflects on lessons learned from his prodigious accomplishments, close calls, and overwhelming obstacles. Though the life of a climber seems to sometimes be fraught with innumerable challenges, Conrad\\u2019s optimism and positivity has given him the strength to endure what many would classify as impossible. And that\\u2019s a sentiment he aims to share through his words.<\\/p>\\r\\n<p>I\\u2019ve learned that these things&mdash;my family, my passion for climbing and for being a force for good in the local community and in the larger community&mdash;are the source of happiness for me,\\u201d he says. \\u201cI know that life will keep changing and keep throwing new challenges my way, but my intent is always to embrace them and explore them and find a way to turn them into an experience that\\u2019s rewarding. Even when we\\u2019re suffering, whether it\\u2019s in the mountains or because of something going on at home, trying situations are a way to understand our human condition. You have to try to rise above the adversity. I like doing that.\\u201d<\\/p>\",\"38\":{\"new3\":{\"type\":\"featuredSpeeches\",\"enabled\":\"1\",\"fields\":{\"backgroundImage\":[\"56\"],\"Logo\":[\"57\"],\"youtubeLink\":\"https:\\/\\/www.youtube.com\\/watch?v=f7yRNCtrXqY\",\"transcription\":\"\"}},\"new2\":{\"type\":\"featuredSpeeches\",\"enabled\":\"1\",\"fields\":{\"backgroundImage\":[\"54\"],\"Logo\":[\"55\"],\"youtubeLink\":\"https:\\/\\/www.youtube.com\\/watch?v=bnuzVyTI2uM\",\"transcription\":\"\"}},\"new1\":{\"type\":\"featuredSpeeches\",\"enabled\":\"1\",\"fields\":{\"backgroundImage\":[\"52\"],\"Logo\":[\"53\"],\"youtubeLink\":\"\",\"transcription\":\"\"}},\"new4\":{\"type\":\"featuredSpeeches\",\"enabled\":\"1\",\"fields\":{\"backgroundImage\":[\"58\"],\"Logo\":[\"59\"],\"youtubeLink\":\"\",\"transcription\":\"\"}}},\"54\":\"Every mountaineer needs an exemplary team of partners to reach the summit. \",\"55\":{\"47\":{\"type\":\"teamMember\",\"enabled\":\"1\",\"fields\":{\"nameOfMember\":\"Conrad Anker\",\"position\":\"Team Leader\",\"headshot\":[\"35\"]}},\"48\":{\"type\":\"teamMember\",\"enabled\":\"1\",\"fields\":{\"nameOfMember\":\"Pamela Hainsworth\",\"position\":\"Girl Friday\",\"headshot\":[\"36\"]}},\"49\":{\"type\":\"teamMember\",\"enabled\":\"1\",\"fields\":{\"nameOfMember\":\"Ben Ende\",\"position\":\"RXR Sports\",\"headshot\":[\"37\"]}},\"50\":{\"type\":\"teamMember\",\"enabled\":\"1\",\"fields\":{\"nameOfMember\":\"Jonathan Retseck\",\"position\":\"RXR Sports\",\"headshot\":[\"39\"]}}},\"44\":{\"42\":{\"type\":\"testimonial\",\"enabled\":\"1\",\"fields\":{\"nameOfPerson\":\"Testimonial 1\",\"affiliation\":\"Company 1\",\"quote\":\"\\u201cConrad was amazing\\u201d\"}},\"43\":{\"type\":\"testimonial\",\"enabled\":\"1\",\"fields\":{\"nameOfPerson\":\"Testimonial 2\",\"affiliation\":\"Company 2\",\"quote\":\"\\u201cConrad was great\\u201d\"}},\"44\":{\"type\":\"testimonial\",\"enabled\":\"1\",\"fields\":{\"nameOfPerson\":\"Testimonial 3\",\"affiliation\":\"Company 3\",\"quote\":\"\\u201cConrad inspired us\\u201d\"}}}}}', '2018-03-01 02:11:50', '2018-03-01 02:11:50', 'ee638559-eb0a-4568-bfd9-d837cc196756');



DROP TABLE IF EXISTS `craft_fieldgroups`;


--
-- Schema for table `craft_fieldgroups`
--
CREATE TABLE `craft_fieldgroups` (
  `id` int(11) NOT NULL AUTO_INCREMENT,
  `name` varchar(255) COLLATE utf8_unicode_ci NOT NULL,
  `dateCreated` datetime NOT NULL,
  `dateUpdated` datetime NOT NULL,
  `uid` char(36) COLLATE utf8_unicode_ci NOT NULL DEFAULT '0',
  PRIMARY KEY (`id`),
  UNIQUE KEY `craft_fieldgroups_name_unq_idx` (`name`)
) ENGINE=InnoDB AUTO_INCREMENT=4 DEFAULT CHARSET=utf8 COLLATE=utf8_unicode_ci;

--
-- Data for table `craft_fieldgroups`
--

INSERT INTO `craft_fieldgroups` (`id`, `name`, `dateCreated`, `dateUpdated`, `uid`) VALUES
 ('1', 'Default', '2018-02-23 22:54:12', '2018-02-23 22:54:12', '25834e25-2127-4fa4-ab83-436c40baa36f'),
 ('2', 'Engage', '2018-02-28 21:19:40', '2018-02-28 21:19:40', '5f47a801-0677-4291-8704-6a34b17e1d58'),
 ('3', 'Explore', '2018-02-28 21:19:44', '2018-02-28 21:19:44', '40c6f870-fb6f-4ac3-92e4-2ccf1524c64a');



DROP TABLE IF EXISTS `craft_fieldlayoutfields`;


--
-- Schema for table `craft_fieldlayoutfields`
--
CREATE TABLE `craft_fieldlayoutfields` (
  `id` int(11) NOT NULL AUTO_INCREMENT,
  `layoutId` int(11) NOT NULL,
  `tabId` int(11) NOT NULL,
  `fieldId` int(11) NOT NULL,
  `required` tinyint(1) unsigned NOT NULL DEFAULT '0',
  `sortOrder` smallint(6) unsigned DEFAULT NULL,
  `dateCreated` datetime NOT NULL,
  `dateUpdated` datetime NOT NULL,
  `uid` char(36) COLLATE utf8_unicode_ci NOT NULL DEFAULT '0',
  PRIMARY KEY (`id`),
  UNIQUE KEY `craft_fieldlayoutfields_layoutId_fieldId_unq_idx` (`layoutId`,`fieldId`),
  KEY `craft_fieldlayoutfields_sortOrder_idx` (`sortOrder`),
  KEY `craft_fieldlayoutfields_tabId_fk` (`tabId`),
  KEY `craft_fieldlayoutfields_fieldId_fk` (`fieldId`)
) ENGINE=InnoDB AUTO_INCREMENT=124 DEFAULT CHARSET=utf8 COLLATE=utf8_unicode_ci;

--
-- Data for table `craft_fieldlayoutfields`
--

INSERT INTO `craft_fieldlayoutfields` (`id`, `layoutId`, `tabId`, `fieldId`, `required`, `sortOrder`, `dateCreated`, `dateUpdated`, `uid`) VALUES
 ('37', '16', '11', '39', '1', '1', '2018-03-01 00:12:22', '2018-03-01 00:12:22', '21c49e93-2c90-454a-a1e1-5f1b97426e1e'),
 ('38', '16', '11', '40', '1', '2', '2018-03-01 00:12:22', '2018-03-01 00:12:22', '3bcc4e7d-5946-420d-9ce7-a6840c3f51a5'),
 ('39', '16', '11', '41', '0', '3', '2018-03-01 00:12:22', '2018-03-01 00:12:22', '1ab21c5d-427d-41fd-96bb-384bedd92117'),
 ('40', '16', '11', '42', '0', '4', '2018-03-01 00:12:22', '2018-03-01 00:12:22', '73c85335-02bf-490e-9555-55842be8953a'),
 ('41', '17', '12', '45', '1', '1', '2018-03-01 00:16:01', '2018-03-01 00:16:01', 'a2da2d0d-bf95-4594-bd21-da4f09406718'),
 ('42', '17', '12', '46', '1', '2', '2018-03-01 00:16:01', '2018-03-01 00:16:01', '46fbcfa8-bac9-49ab-9ad2-c352873a3885'),
 ('43', '17', '12', '47', '1', '3', '2018-03-01 00:16:01', '2018-03-01 00:16:01', '576e179f-9c14-4b95-a4eb-0903b88dc528'),
 ('44', '18', '13', '49', '1', '1', '2018-03-01 00:19:41', '2018-03-01 00:19:41', '41dadc7e-6afc-4d2a-a208-3d5bba7818ba'),
 ('45', '18', '13', '50', '1', '2', '2018-03-01 00:19:41', '2018-03-01 00:19:41', '062e4dbd-7595-46c5-a14a-0b4065d533e5'),
 ('46', '18', '13', '51', '1', '3', '2018-03-01 00:19:41', '2018-03-01 00:19:41', 'e5cf9971-23ce-4609-82a4-eaa891b9636a'),
 ('47', '18', '13', '52', '1', '4', '2018-03-01 00:19:41', '2018-03-01 00:19:41', 'c1069db0-762e-4a85-b95c-025567755f07'),
 ('48', '18', '13', '53', '1', '5', '2018-03-01 00:19:41', '2018-03-01 00:19:41', '2e80fe13-bb59-4e4e-a7c3-f4074a219322'),
 ('49', '19', '14', '56', '1', '1', '2018-03-01 00:31:21', '2018-03-01 00:31:21', '3b685c78-bb78-4e67-a00d-e7233ace7bd6'),
 ('50', '19', '14', '57', '1', '2', '2018-03-01 00:31:21', '2018-03-01 00:31:21', '2491c533-ab8d-4e6e-ac58-e6f08405f634'),
 ('51', '19', '14', '58', '1', '3', '2018-03-01 00:31:21', '2018-03-01 00:31:21', '222cfa9d-28ed-44f0-8134-bf1f71c24a22'),
 ('52', '21', '15', '26', '0', '1', '2018-03-01 00:33:44', '2018-03-01 00:33:44', 'bf770a28-6b0a-4380-9b65-dd7ed0151860'),
 ('53', '21', '15', '27', '0', '2', '2018-03-01 00:33:44', '2018-03-01 00:33:44', 'ec4b0d42-bcb8-42c5-9978-c9f805c8b5d5'),
 ('54', '21', '15', '28', '0', '3', '2018-03-01 00:33:44', '2018-03-01 00:33:44', '1d00a48e-d355-4769-88d2-df240aa7869f'),
 ('55', '21', '15', '37', '0', '4', '2018-03-01 00:33:44', '2018-03-01 00:33:44', '6e49d96d-5972-4b62-b587-5b360d97b77b'),
 ('56', '21', '15', '43', '0', '5', '2018-03-01 00:33:44', '2018-03-01 00:33:44', 'd89dd1eb-2048-49df-ae6f-f4950c0cff67'),
 ('57', '21', '15', '38', '0', '6', '2018-03-01 00:33:44', '2018-03-01 00:33:44', '71745c9d-168f-4836-a439-aa994d610b9b'),
 ('58', '21', '15', '44', '0', '7', '2018-03-01 00:33:44', '2018-03-01 00:33:44', '120c30bd-a1e7-4c28-ab88-816128b3e60c'),
 ('59', '21', '15', '48', '0', '8', '2018-03-01 00:33:44', '2018-03-01 00:33:44', '52c46e35-32ef-4b5a-aec6-0e34ccd0e3ff'),
 ('60', '21', '15', '54', '0', '9', '2018-03-01 00:33:44', '2018-03-01 00:33:44', '66479eab-4507-4883-ad59-fef8e7c619c2'),
 ('61', '21', '15', '55', '0', '10', '2018-03-01 00:33:44', '2018-03-01 00:33:44', 'af844654-b53a-499c-b3f1-c91cc25aed5c'),
 ('62', '22', '16', '3', '0', '1', '2018-03-01 00:34:34', '2018-03-01 00:34:34', 'dd9f9cf4-51b0-43ba-8802-d8106a20a929'),
 ('63', '22', '16', '4', '0', '2', '2018-03-01 00:34:34', '2018-03-01 00:34:34', '3dd49740-3dc1-41f9-b91c-2e64d1d7b67e'),
 ('64', '22', '16', '5', '0', '3', '2018-03-01 00:34:34', '2018-03-01 00:34:34', 'a1fc540c-36fa-46c6-b789-f59ad1da4ce1'),
 ('65', '22', '16', '14', '0', '4', '2018-03-01 00:34:34', '2018-03-01 00:34:34', '03112f58-3863-40ef-a7b4-0677bf161abb'),
 ('66', '22', '16', '20', '0', '5', '2018-03-01 00:34:34', '2018-03-01 00:34:34', '13d83c3f-3f0f-4eb3-8708-ca1fdbfc021d'),
 ('67', '22', '16', '21', '0', '6', '2018-03-01 00:34:34', '2018-03-01 00:34:34', 'b8955535-39f5-4abc-a56c-af4a2ae07bf2'),
 ('90', '27', '21', '6', '1', '1', '2018-03-01 00:40:55', '2018-03-01 00:40:55', '73ecd615-5be6-4244-a001-79d2f8fe1cfc'),
 ('91', '27', '21', '59', '0', '2', '2018-03-01 00:40:55', '2018-03-01 00:40:55', 'e76ac0ce-bd08-42f3-82d0-f99927bc754e'),
 ('92', '27', '21', '7', '1', '3', '2018-03-01 00:40:55', '2018-03-01 00:40:55', 'f95db40f-7c49-499a-a0f4-7b8c0239ede8'),
 ('93', '27', '21', '15', '1', '4', '2018-03-01 00:40:55', '2018-03-01 00:40:55', 'f305c2c2-6e4e-45d3-adfd-ad9a5aa41ba7'),
 ('94', '27', '21', '8', '0', '5', '2018-03-01 00:40:55', '2018-03-01 00:40:55', '6a94588e-ad7e-4d5c-99b4-6219bb253384'),
 ('95', '27', '21', '9', '0', '6', '2018-03-01 00:40:55', '2018-03-01 00:40:55', '3c25d379-8598-46b3-a9f0-71550b8eb27f'),
 ('96', '28', '22', '10', '1', '1', '2018-03-01 00:40:56', '2018-03-01 00:40:56', '1d65fde1-8c94-4e49-b32a-742f1631804a'),
 ('97', '28', '22', '60', '0', '2', '2018-03-01 00:40:56', '2018-03-01 00:40:56', 'f148c97f-626e-45da-ae27-6a0792ce4d48'),
 ('98', '28', '22', '11', '1', '3', '2018-03-01 00:40:56', '2018-03-01 00:40:56', 'd28617a5-b080-4280-902a-57e957a27c2b'),
 ('99', '28', '22', '16', '1', '4', '2018-03-01 00:40:56', '2018-03-01 00:40:56', 'e0f9a90e-6137-41e6-ab65-02664554066b'),
 ('100', '28', '22', '12', '0', '5', '2018-03-01 00:40:56', '2018-03-01 00:40:56', '5453670a-9e65-4d0c-a413-bc082b8ffcd2'),
 ('101', '28', '22', '13', '0', '6', '2018-03-01 00:40:56', '2018-03-01 00:40:56', '9fb8b8fe-8678-4eeb-8b8f-5ce87eb2b962'),
 ('102', '33', '23', '17', '1', '1', '2018-03-01 01:40:52', '2018-03-01 01:40:52', '4d2b251a-1384-4d63-8d1b-53c145b6178b'),
 ('103', '33', '23', '18', '1', '2', '2018-03-01 01:40:53', '2018-03-01 01:40:53', 'fc61a38a-ae8f-40f6-8d5e-d428627ede1e'),
 ('104', '33', '23', '19', '1', '3', '2018-03-01 01:40:53', '2018-03-01 01:40:53', '4cd847c6-d1ab-493d-81e0-6c3613dc3f79'),
 ('105', '34', '24', '22', '1', '1', '2018-03-01 01:46:05', '2018-03-01 01:46:05', '28f450fd-225f-46ef-bd63-d9c6f0e369c5'),
 ('106', '34', '24', '23', '1', '2', '2018-03-01 01:46:05', '2018-03-01 01:46:05', 'd2b083bf-2c37-4253-867d-84aa934a23ec'),
 ('107', '34', '24', '24', '1', '3', '2018-03-01 01:46:05', '2018-03-01 01:46:05', '002e6c9f-18f3-453d-b57a-8c11e565334d'),
 ('108', '34', '24', '25', '1', '4', '2018-03-01 01:46:05', '2018-03-01 01:46:05', '7b971301-157a-47ca-b936-324dc9abf705'),
 ('109', '35', '25', '29', '1', '1', '2018-03-01 01:52:35', '2018-03-01 01:52:35', 'b9e2208a-fb30-4740-9b1f-4800f64af078'),
 ('110', '35', '25', '30', '1', '2', '2018-03-01 01:52:35', '2018-03-01 01:52:35', '560b46b3-491d-4377-a567-5469f619f635'),
 ('111', '35', '25', '31', '1', '3', '2018-03-01 01:52:35', '2018-03-01 01:52:35', '830781ff-36fe-4b29-9a7e-aa0f859e3440'),
 ('112', '35', '25', '32', '1', '4', '2018-03-01 01:52:35', '2018-03-01 01:52:35', 'b8d3c176-5fd5-4e8c-8365-949ce6021a27'),
 ('113', '36', '26', '33', '1', '1', '2018-03-01 01:52:36', '2018-03-01 01:52:36', '1385de1e-2f95-404a-8978-bb301fb7b92f'),
 ('114', '36', '26', '34', '1', '2', '2018-03-01 01:52:36', '2018-03-01 01:52:36', '73cc8016-e948-48b8-8c02-b73802fee982'),
 ('115', '36', '26', '35', '1', '3', '2018-03-01 01:52:36', '2018-03-01 01:52:36', '77912cd8-1445-494d-9525-71e40c5b0505'),
 ('116', '36', '26', '36', '1', '4', '2018-03-01 01:52:36', '2018-03-01 01:52:36', '0aaa3a85-c33e-469b-87cc-b1c05e45a6d1'),
 ('120', '39', '28', '61', '0', '1', '2018-03-01 02:07:51', '2018-03-01 02:07:51', 'ece1c89a-b0d0-4b7b-9119-f1716c186fad'),
 ('121', '40', '29', '62', '1', '1', '2018-03-01 22:54:57', '2018-03-01 22:54:57', '567062ff-b3eb-4179-8103-29636d948046'),
 ('122', '40', '29', '63', '1', '2', '2018-03-01 22:54:57', '2018-03-01 22:54:57', 'd450bae7-e187-49e8-96b4-5af07b5aeda7'),
 ('123', '40', '29', '64', '1', '3', '2018-03-01 22:54:57', '2018-03-01 22:54:57', '0715e807-271f-489d-a07d-94714eb9190b');



DROP TABLE IF EXISTS `craft_fieldlayouts`;


--
-- Schema for table `craft_fieldlayouts`
--
CREATE TABLE `craft_fieldlayouts` (
  `id` int(11) NOT NULL AUTO_INCREMENT,
  `type` varchar(150) COLLATE utf8_unicode_ci NOT NULL,
  `dateCreated` datetime NOT NULL,
  `dateUpdated` datetime NOT NULL,
  `uid` char(36) COLLATE utf8_unicode_ci NOT NULL DEFAULT '0',
  PRIMARY KEY (`id`),
  KEY `craft_fieldlayouts_type_idx` (`type`)
) ENGINE=InnoDB AUTO_INCREMENT=41 DEFAULT CHARSET=utf8 COLLATE=utf8_unicode_ci;

--
-- Data for table `craft_fieldlayouts`
--

INSERT INTO `craft_fieldlayouts` (`id`, `type`, `dateCreated`, `dateUpdated`, `uid`) VALUES
 ('1', 'Tag', '2018-02-23 22:54:12', '2018-02-23 22:54:12', 'db683c80-5686-4084-87d6-71b6e09c6da3'),
 ('3', 'Entry', '2018-02-23 22:54:12', '2018-02-23 22:54:12', '822b07f2-6f91-4262-8301-e938ab5980c7'),
 ('16', 'MatrixBlock', '2018-03-01 00:12:22', '2018-03-01 00:12:22', '3022809f-0603-4c21-9979-1ecac9e94c9f'),
 ('17', 'MatrixBlock', '2018-03-01 00:16:01', '2018-03-01 00:16:01', 'f4c4ff08-6ac7-45fa-b71d-5381ebcc462f'),
 ('18', 'MatrixBlock', '2018-03-01 00:19:41', '2018-03-01 00:19:41', '171b1491-32b4-4f72-8e4c-c46afaefd7a0'),
 ('19', 'MatrixBlock', '2018-03-01 00:31:21', '2018-03-01 00:31:21', 'cab51e06-cfee-4a03-9eaa-70fa9c5a4056'),
 ('21', 'Entry', '2018-03-01 00:33:44', '2018-03-01 00:33:44', '97a69691-8acf-468d-8b46-6fe53120a0d0'),
 ('22', 'Entry', '2018-03-01 00:34:34', '2018-03-01 00:34:34', '711fadc0-cbea-4f91-851f-37e97afff5ab'),
 ('27', 'MatrixBlock', '2018-03-01 00:40:55', '2018-03-01 00:40:55', '3eb2ac75-c2f4-4a37-b9da-7704048e50e5'),
 ('28', 'MatrixBlock', '2018-03-01 00:40:56', '2018-03-01 00:40:56', 'fa2074f4-2603-4efe-81f1-ce5a45a68aa4'),
 ('32', 'Asset', '2018-03-01 01:17:02', '2018-03-01 01:17:02', 'e7cf0fda-333d-40b4-93d6-fd9c7e9d19a4'),
 ('33', 'MatrixBlock', '2018-03-01 01:40:52', '2018-03-01 01:40:52', 'b1a1de67-45ee-4018-b466-5a0f3396dbcf'),
 ('34', 'MatrixBlock', '2018-03-01 01:46:05', '2018-03-01 01:46:05', 'f6d28456-f4df-43fa-9c73-d9ea96ecebf9'),
 ('35', 'MatrixBlock', '2018-03-01 01:52:35', '2018-03-01 01:52:35', '8984ecce-afc3-4d56-841b-5f92c73f559a'),
 ('36', 'MatrixBlock', '2018-03-01 01:52:36', '2018-03-01 01:52:36', 'be7e855d-a327-4f7c-9d2b-2882757e533c'),
 ('39', 'GlobalSet', '2018-03-01 02:07:51', '2018-03-01 02:07:51', 'ac3c7695-8400-41b9-9042-c94bfbd89450'),
 ('40', 'MatrixBlock', '2018-03-01 22:54:57', '2018-03-01 22:54:57', '6eb6a46c-3eb6-4dd6-ac59-cb02a4b664db');



DROP TABLE IF EXISTS `craft_fieldlayouttabs`;


--
-- Schema for table `craft_fieldlayouttabs`
--
CREATE TABLE `craft_fieldlayouttabs` (
  `id` int(11) NOT NULL AUTO_INCREMENT,
  `layoutId` int(11) NOT NULL,
  `name` varchar(255) COLLATE utf8_unicode_ci NOT NULL,
  `sortOrder` smallint(6) unsigned DEFAULT NULL,
  `dateCreated` datetime NOT NULL,
  `dateUpdated` datetime NOT NULL,
  `uid` char(36) COLLATE utf8_unicode_ci NOT NULL DEFAULT '0',
  PRIMARY KEY (`id`),
  KEY `craft_fieldlayouttabs_sortOrder_idx` (`sortOrder`),
  KEY `craft_fieldlayouttabs_layoutId_fk` (`layoutId`)
) ENGINE=InnoDB AUTO_INCREMENT=30 DEFAULT CHARSET=utf8 COLLATE=utf8_unicode_ci;

--
-- Data for table `craft_fieldlayouttabs`
--

INSERT INTO `craft_fieldlayouttabs` (`id`, `layoutId`, `name`, `sortOrder`, `dateCreated`, `dateUpdated`, `uid`) VALUES
 ('1', '3', 'Content', '1', '2018-02-23 22:54:12', '2018-02-23 22:54:12', '2172d04d-8ee7-47e0-b701-5370a41eb9da'),
 ('11', '16', 'Content', '1', '2018-03-01 00:12:22', '2018-03-01 00:12:22', '6efe8116-9007-49fc-acfd-3443ee20b318'),
 ('12', '17', 'Content', '1', '2018-03-01 00:16:01', '2018-03-01 00:16:01', 'fd401039-297f-41bf-b946-b1d83db54aeb'),
 ('13', '18', 'Content', '1', '2018-03-01 00:19:41', '2018-03-01 00:19:41', 'd51e59f7-5622-493f-96bb-afe6fc8215ce'),
 ('14', '19', 'Content', '1', '2018-03-01 00:31:21', '2018-03-01 00:31:21', '186fb469-aedc-44e1-9f4b-af16eb045c5d'),
 ('15', '21', 'Engage', '1', '2018-03-01 00:33:44', '2018-03-01 00:33:44', '7f61a35e-123d-4e72-9774-91f290fafa97'),
 ('16', '22', 'Explore', '1', '2018-03-01 00:34:34', '2018-03-01 00:34:34', 'ddf78ebf-3b36-4dc7-a109-87527fdfde55'),
 ('21', '27', 'Content', '1', '2018-03-01 00:40:55', '2018-03-01 00:40:55', '9abb1b79-6add-4525-bc53-a1cfe9a5790a'),
 ('22', '28', 'Content', '1', '2018-03-01 00:40:56', '2018-03-01 00:40:56', 'cd7bb8c8-6bdb-4c56-99cd-a61a362b4943'),
 ('23', '33', 'Content', '1', '2018-03-01 01:40:52', '2018-03-01 01:40:52', 'f3373a08-7dfd-45d0-bbf6-98c7159b8955'),
 ('24', '34', 'Content', '1', '2018-03-01 01:46:05', '2018-03-01 01:46:05', '8472ad6b-eb46-4fd8-94f9-b00231c8e3f2'),
 ('25', '35', 'Content', '1', '2018-03-01 01:52:35', '2018-03-01 01:52:35', 'c1012d9b-9ec4-4a01-8bc9-7fe04c89df17'),
 ('26', '36', 'Content', '1', '2018-03-01 01:52:36', '2018-03-01 01:52:36', 'c35bec43-ba4a-4108-abe5-e2f8c0dfcc4b'),
 ('28', '39', 'Content', '1', '2018-03-01 02:07:51', '2018-03-01 02:07:51', '47b1ccf8-c290-4851-8c83-09a2114871d9'),
 ('29', '40', 'Content', '1', '2018-03-01 22:54:57', '2018-03-01 22:54:57', '6f405bb4-98b8-4243-93bb-73e64120db6d');



DROP TABLE IF EXISTS `craft_fields`;


--
-- Schema for table `craft_fields`
--
CREATE TABLE `craft_fields` (
  `id` int(11) NOT NULL AUTO_INCREMENT,
  `groupId` int(11) DEFAULT NULL,
  `name` varchar(255) COLLATE utf8_unicode_ci NOT NULL,
  `handle` varchar(58) COLLATE utf8_unicode_ci NOT NULL,
  `context` varchar(255) COLLATE utf8_unicode_ci NOT NULL DEFAULT 'global',
  `instructions` text COLLATE utf8_unicode_ci,
  `translatable` tinyint(1) unsigned NOT NULL DEFAULT '0',
  `type` varchar(150) COLLATE utf8_unicode_ci NOT NULL,
  `settings` text COLLATE utf8_unicode_ci,
  `dateCreated` datetime NOT NULL,
  `dateUpdated` datetime NOT NULL,
  `uid` char(36) COLLATE utf8_unicode_ci NOT NULL DEFAULT '0',
  PRIMARY KEY (`id`),
  UNIQUE KEY `craft_fields_handle_context_unq_idx` (`handle`,`context`),
  KEY `craft_fields_context_idx` (`context`),
  KEY `craft_fields_groupId_fk` (`groupId`)
) ENGINE=InnoDB AUTO_INCREMENT=65 DEFAULT CHARSET=utf8 COLLATE=utf8_unicode_ci;

--
-- Data for table `craft_fields`
--

INSERT INTO `craft_fields` (`id`, `groupId`, `name`, `handle`, `context`, `instructions`, `translatable`, `type`, `settings`, `dateCreated`, `dateUpdated`, `uid`) VALUES
 ('3', '3', 'Find Alpine Adventure Body Copy', 'findAlpineAdventureBodyCopy', 'global', 'The body copy under the Find Alpine Adventure Heading', '0', 'RichText', '{\"configFile\":\"\",\"availableAssetSources\":\"*\",\"availableTransforms\":\"*\",\"cleanupHtml\":\"1\",\"purifyHtml\":\"1\",\"purifierConfig\":\"\",\"columnType\":\"text\"}', '2018-02-28 21:20:42', '2018-02-28 21:20:42', '772e408e-27d2-46fa-bf1f-0e371a47cb12'),
 ('4', '3', 'Achievements', 'achievements', 'global', 'A bulleted list of Conrad\'s achievements', '0', 'RichText', '{\"configFile\":\"\",\"availableAssetSources\":\"*\",\"availableTransforms\":\"*\",\"cleanupHtml\":\"1\",\"purifyHtml\":\"1\",\"purifierConfig\":\"\",\"columnType\":\"text\"}', '2018-02-28 21:24:27', '2018-02-28 21:24:27', 'c3d50110-4f17-40ff-929e-8e43e37ef3de'),
 ('5', '3', 'Recent Expeditions', 'recentExpeditions', 'global', 'A list of recent expeditions by Conrad.', '0', 'Matrix', '{\"maxBlocks\":null}', '2018-02-28 21:40:33', '2018-03-01 00:40:55', '50e90441-be85-4ef1-ad15-70b482fbbbac'),
 ('6', NULL, 'Name of Expedition', 'nameOfExpedition', 'matrixBlockType:1', 'Enter the name of the expedition here.', '0', 'PlainText', '{\"placeholder\":\"\",\"maxLength\":\"\",\"multiline\":\"\",\"initialRows\":\"4\"}', '2018-02-28 21:40:33', '2018-03-01 00:40:55', 'aa266149-bdbe-4800-8aac-afd9dc4cac7d'),
 ('7', NULL, 'Expedition Description', 'expeditionBody', 'matrixBlockType:1', 'Enter the expedition description here.', '0', 'PlainText', '{\"placeholder\":\"\",\"maxLength\":\"\",\"multiline\":\"1\",\"initialRows\":\"2\"}', '2018-02-28 21:40:33', '2018-03-01 00:40:55', '698b0564-064d-4bbd-b521-f9a66c3bbdd8'),
 ('8', NULL, 'Learn More Link', 'learnMoreLink', 'matrixBlockType:1', 'Enter the URL for a link to learn more.', '0', 'PlainText', '{\"placeholder\":\"\",\"maxLength\":\"\",\"multiline\":\"\",\"initialRows\":\"4\"}', '2018-02-28 21:40:33', '2018-03-01 00:40:55', '251eee45-d723-4e83-8b69-96b8a066e21c'),
 ('9', NULL, 'Purchase Link', 'purchaseLink', 'matrixBlockType:1', 'Enter the URL for a purchase link here.', '0', 'PlainText', '{\"placeholder\":\"\",\"maxLength\":\"\",\"multiline\":\"\",\"initialRows\":\"4\"}', '2018-02-28 21:40:33', '2018-03-01 00:40:55', '1b4e76cd-0098-4c6e-b0ef-ddc94455ff52'),
 ('10', NULL, 'Name of Expedition', 'nameOfExpedition', 'matrixBlockType:2', 'Enter the name of the expedition here.', '0', 'PlainText', '{\"placeholder\":\"\",\"maxLength\":\"\",\"multiline\":\"\",\"initialRows\":\"4\"}', '2018-02-28 21:40:33', '2018-03-01 00:40:55', '4a1fe660-ffe5-4808-ba04-d8b7990735d4'),
 ('11', NULL, 'Expedition Description', 'expeditionDescription', 'matrixBlockType:2', 'Enter a short description of the expedition here.', '0', 'PlainText', '{\"placeholder\":\"\",\"maxLength\":\"\",\"multiline\":\"1\",\"initialRows\":\"2\"}', '2018-02-28 21:40:33', '2018-03-01 00:40:56', '5b724336-fed7-4e32-9f46-d20b353c8a29'),
 ('12', NULL, 'Learn More Link', 'learnMoreLink', 'matrixBlockType:2', 'Enter a URL for a Learn More link', '0', 'PlainText', '{\"placeholder\":\"\",\"maxLength\":\"\",\"multiline\":\"\",\"initialRows\":\"4\"}', '2018-02-28 21:40:33', '2018-03-01 00:40:56', '30a6c6f4-5287-46d3-b7dd-42a2b422dc94'),
 ('13', NULL, 'Purchase Link', 'purchaseLink', 'matrixBlockType:2', 'Enter a URL for a purchase link here.', '0', 'PlainText', '{\"placeholder\":\"\",\"maxLength\":\"\",\"multiline\":\"\",\"initialRows\":\"4\"}', '2018-02-28 21:40:33', '2018-03-01 00:40:56', '010a2a52-9c15-4df3-84a8-a850eae7fd37'),
 ('14', '3', 'History', 'history', 'global', 'A collection of historical expeditions or events in Conrad\'s life.', '0', 'Matrix', '{\"maxBlocks\":null}', '2018-02-28 21:41:10', '2018-03-01 01:40:52', '9aeb6b46-4969-478e-a18c-9dde1f92e128'),
 ('15', NULL, 'Thumbnail image', 'thumbnailImage', 'matrixBlockType:1', 'Upload a thumbnail image for the video player.', '0', 'Assets', '{\"useSingleFolder\":\"\",\"sources\":\"*\",\"defaultUploadLocationSource\":\"1\",\"defaultUploadLocationSubpath\":\"\",\"singleUploadLocationSource\":\"1\",\"singleUploadLocationSubpath\":\"\",\"restrictFiles\":\"1\",\"allowedKinds\":[\"image\"],\"limit\":\"\",\"viewMode\":\"large\",\"selectionLabel\":\"\"}', '2018-02-28 21:43:36', '2018-03-01 00:40:55', '3049f125-6ca6-4250-990b-268058625e82'),
 ('16', NULL, 'Thumbnail image', 'thumbnailImage', 'matrixBlockType:2', 'Upload a thumbnail image for the video player here.', '0', 'Assets', '{\"useSingleFolder\":\"\",\"sources\":\"*\",\"defaultUploadLocationSource\":\"1\",\"defaultUploadLocationSubpath\":\"\",\"singleUploadLocationSource\":\"1\",\"singleUploadLocationSubpath\":\"\",\"restrictFiles\":\"1\",\"allowedKinds\":[\"image\"],\"limit\":\"\",\"viewMode\":\"large\",\"selectionLabel\":\"\"}', '2018-02-28 21:43:36', '2018-03-01 00:40:56', 'f3d17d91-ac07-45c4-88d7-18fb4e005a00'),
 ('17', NULL, 'Name of Event', 'nameOfEvent', 'matrixBlockType:3', 'Enter the name of the event here', '0', 'PlainText', '{\"placeholder\":\"\",\"maxLength\":\"\",\"multiline\":\"\",\"initialRows\":\"4\"}', '2018-02-28 21:49:47', '2018-03-01 01:40:52', 'f2ac2e25-377b-44f2-b625-9affd4493a95'),
 ('18', NULL, 'Event Background Image', 'eventBackgroundImage', 'matrixBlockType:3', 'Upload an image for the background of the event slide.', '0', 'Assets', '{\"useSingleFolder\":\"\",\"sources\":\"*\",\"defaultUploadLocationSource\":\"1\",\"defaultUploadLocationSubpath\":\"\",\"singleUploadLocationSource\":\"1\",\"singleUploadLocationSubpath\":\"\",\"restrictFiles\":\"1\",\"allowedKinds\":[\"image\"],\"limit\":\"1\",\"viewMode\":\"list\",\"selectionLabel\":\"\"}', '2018-02-28 21:49:47', '2018-03-01 01:40:52', 'b62b5678-0af6-41d1-bf2a-497b0de18c30'),
 ('19', NULL, 'Event Description', 'eventDescription', 'matrixBlockType:3', 'Enter a short description of the event here.', '0', 'PlainText', '{\"placeholder\":\"\",\"maxLength\":\"750\",\"multiline\":\"1\",\"initialRows\":\"2\"}', '2018-02-28 21:49:47', '2018-03-01 01:40:52', '47a28dcf-c77c-406f-ad92-f1067cc2f052'),
 ('20', '3', 'The Gear Room Body', 'theGearRoomBody', 'global', 'Enter the body text just below The Gear Room heading here.', '0', 'PlainText', '{\"placeholder\":\"\",\"maxLength\":\"\",\"multiline\":\"1\",\"initialRows\":\"2\"}', '2018-02-28 21:50:18', '2018-03-01 01:46:56', 'd6617043-4b45-4541-90cf-78c62cdc9686'),
 ('21', '3', 'Press', 'press', 'global', 'Enter press items and entires here', '0', 'Matrix', '{\"maxBlocks\":null}', '2018-02-28 22:56:19', '2018-03-01 01:46:05', '72123074-b013-46b3-b7ca-fd855fcde25f'),
 ('22', NULL, 'Publication', 'publication', 'matrixBlockType:4', 'Enter the title of the press piece here.', '0', 'PlainText', '{\"placeholder\":\"\",\"maxLength\":\"\",\"multiline\":\"\",\"initialRows\":\"4\"}', '2018-02-28 22:56:19', '2018-03-01 01:46:05', 'e02722dc-cd61-4cbd-a604-dbb78283b1a7'),
 ('23', NULL, 'Title', 'articleTitle', 'matrixBlockType:4', 'Enter the title of the article or piece here.', '0', 'PlainText', '{\"placeholder\":\"\",\"maxLength\":\"\",\"multiline\":\"\",\"initialRows\":\"4\"}', '2018-02-28 22:56:19', '2018-03-01 01:46:05', '400dc7aa-90a5-4e3b-8555-3b95ad1adabd'),
 ('24', NULL, 'Description', 'description', 'matrixBlockType:4', 'Enter the short description of the article or piece here.', '0', 'PlainText', '{\"placeholder\":\"\",\"maxLength\":\"\",\"multiline\":\"1\",\"initialRows\":\"2\"}', '2018-02-28 22:56:19', '2018-03-01 01:46:05', '76689d50-00d9-4e6d-8a54-3f5ee0a53de6'),
 ('25', NULL, 'See More Link', 'seeMoreLink', 'matrixBlockType:4', 'Enter the URL for the See More link here.', '0', 'PlainText', '{\"placeholder\":\"\",\"maxLength\":\"\",\"multiline\":\"\",\"initialRows\":\"4\"}', '2018-02-28 22:56:19', '2018-03-01 01:46:05', '1b61687b-e9c5-4057-a543-0de8d1e7aea1'),
 ('26', '2', 'Be Good. Be Kind. Be Happy. Body Copy', 'beGoodBeKindBeHappyBodyCopy', 'global', 'The body copy under the Be Good. Be Kind. Be Happy. heading.', '0', 'RichText', '{\"configFile\":\"\",\"availableAssetSources\":\"*\",\"availableTransforms\":\"*\",\"cleanupHtml\":\"1\",\"purifyHtml\":\"1\",\"purifierConfig\":\"\",\"columnType\":\"text\"}', '2018-02-28 23:20:44', '2018-02-28 23:20:44', '711b9b4a-6166-4e2a-8d18-0af34599de38'),
 ('27', '2', 'Advocacy Body Copy', 'advocacyBodyCopy', 'global', 'The body copy under the Advocacy heading.', '0', 'RichText', '{\"configFile\":\"\",\"availableAssetSources\":\"*\",\"availableTransforms\":\"*\",\"cleanupHtml\":\"1\",\"purifyHtml\":\"1\",\"purifierConfig\":\"\",\"columnType\":\"text\"}', '2018-02-28 23:22:34', '2018-02-28 23:22:34', '13838c15-7d6a-4900-b07b-a98690bcb273'),
 ('28', '2', 'Advocacy Organizations', 'advocacyOrganizations', 'global', 'Enter the organizations which Conrad advocates for here.', '0', 'Matrix', '{\"maxBlocks\":null}', '2018-02-28 23:33:08', '2018-03-01 01:52:35', 'e9ed6d2c-d86a-4df5-945e-1d51ef4e7c37'),
 ('29', NULL, 'Name of Organization', 'nameOfOrganization', 'matrixBlockType:5', 'Enter the name of the organization here.', '0', 'PlainText', '{\"placeholder\":\"\",\"maxLength\":\"\",\"multiline\":\"\",\"initialRows\":\"4\"}', '2018-02-28 23:33:08', '2018-03-01 01:52:35', '01c3fc57-c92f-4418-a087-4618e8935392'),
 ('30', NULL, 'Short Description', 'shortDescription', 'matrixBlockType:5', 'Enter a short description for the organization here.', '0', 'PlainText', '{\"placeholder\":\"\",\"maxLength\":\"\",\"multiline\":\"1\",\"initialRows\":\"2\"}', '2018-02-28 23:33:08', '2018-03-01 01:52:35', 'e339fc47-59a0-4360-8369-f7e5485d0a9c'),
 ('31', NULL, 'Learn More Link', 'learnMoreLink', 'matrixBlockType:5', 'Enter the URL for the Learn More link here.', '0', 'PlainText', '{\"placeholder\":\"\",\"maxLength\":\"\",\"multiline\":\"\",\"initialRows\":\"4\"}', '2018-02-28 23:33:08', '2018-03-01 01:52:35', 'fa5cfe39-715a-42f2-8323-4d310ec62a7b'),
 ('32', NULL, 'Thumbnail Image', 'thumbnailImage', 'matrixBlockType:5', 'Upload a thumbnail image for the organization here.', '0', 'Assets', '{\"useSingleFolder\":\"\",\"sources\":\"*\",\"defaultUploadLocationSource\":\"1\",\"defaultUploadLocationSubpath\":\"\",\"singleUploadLocationSource\":\"1\",\"singleUploadLocationSubpath\":\"\",\"restrictFiles\":\"1\",\"allowedKinds\":[\"image\"],\"limit\":\"1\",\"viewMode\":\"large\",\"selectionLabel\":\"\"}', '2018-02-28 23:33:08', '2018-03-01 01:52:35', '672fa018-3ee4-4baf-9fd9-31cd55ffbf79'),
 ('33', NULL, 'Name of Organization', 'nameOfOrganization', 'matrixBlockType:6', 'Enter the name of the organization here.', '0', 'PlainText', '{\"placeholder\":\"\",\"maxLength\":\"\",\"multiline\":\"\",\"initialRows\":\"4\"}', '2018-02-28 23:33:08', '2018-03-01 01:52:35', '3e017964-4dde-4325-a17a-4a1a9d817c97'),
 ('34', NULL, 'Short Description', 'shortDescription', 'matrixBlockType:6', 'Enter a short description for the organization here.', '0', 'PlainText', '{\"placeholder\":\"\",\"maxLength\":\"\",\"multiline\":\"1\",\"initialRows\":\"2\"}', '2018-02-28 23:33:08', '2018-03-01 01:52:36', 'b38c8103-cde9-4426-a0ce-e83c6bb81be6'),
 ('35', NULL, 'Learn More Link', 'learnMoreLink', 'matrixBlockType:6', 'Enter the URL for the Learn More link here.', '0', 'PlainText', '{\"placeholder\":\"\",\"maxLength\":\"\",\"multiline\":\"\",\"initialRows\":\"4\"}', '2018-02-28 23:33:08', '2018-03-01 01:52:36', 'ddaafd59-0a2d-4dab-9c2d-901eab8686a2'),
 ('36', NULL, 'Thumbnail Image', 'thumbnailImage', 'matrixBlockType:6', 'Upload a thumbnail image for the organization here.', '0', 'Assets', '{\"useSingleFolder\":\"\",\"sources\":\"*\",\"defaultUploadLocationSource\":\"1\",\"defaultUploadLocationSubpath\":\"\",\"singleUploadLocationSource\":\"1\",\"singleUploadLocationSubpath\":\"\",\"restrictFiles\":\"1\",\"allowedKinds\":[\"image\"],\"limit\":\"1\",\"viewMode\":\"large\",\"selectionLabel\":\"\"}', '2018-02-28 23:33:08', '2018-03-01 01:52:36', '937cbd5f-b698-4c43-aeb2-6a18ce6ce1f0'),
 ('37', '2', 'Speaking Body Copy', 'speakingBodyCopy', 'global', 'The body copy under the Speaking heading.', '0', 'RichText', '{\"configFile\":\"\",\"availableAssetSources\":\"*\",\"availableTransforms\":\"*\",\"cleanupHtml\":\"1\",\"purifyHtml\":\"1\",\"purifierConfig\":\"\",\"columnType\":\"text\"}', '2018-02-28 23:34:45', '2018-02-28 23:34:45', '644616b6-2db5-40e5-90d2-e9de7fcf8146'),
 ('38', '2', 'Speeches', 'speeches', 'global', 'Enter the 4 featured Conrad speaking engagements here.', '0', 'Matrix', '{\"maxBlocks\":\"4\"}', '2018-03-01 00:12:22', '2018-03-01 00:12:22', 'c25121ae-400e-48e8-bee0-f5aa1210d853'),
 ('39', NULL, 'Background Image', 'backgroundImage', 'matrixBlockType:7', 'Upload a background image for the speech here.', '0', 'Assets', '{\"useSingleFolder\":\"\",\"defaultUploadLocationSubpath\":\"\",\"singleUploadLocationSubpath\":\"\",\"restrictFiles\":\"1\",\"allowedKinds\":[\"image\"],\"limit\":\"1\",\"viewMode\":\"large\",\"selectionLabel\":\"\"}', '2018-03-01 00:12:22', '2018-03-01 00:12:22', '78aaff5f-7096-4d57-83aa-6342fdf68dda'),
 ('40', NULL, 'Logo', 'Logo', 'matrixBlockType:7', 'Upload the logo for the brand featured in front of the BG image.', '0', 'Assets', '{\"useSingleFolder\":\"\",\"defaultUploadLocationSubpath\":\"\",\"singleUploadLocationSubpath\":\"\",\"restrictFiles\":\"1\",\"allowedKinds\":[\"image\"],\"limit\":\"1\",\"viewMode\":\"large\",\"selectionLabel\":\"\"}', '2018-03-01 00:12:22', '2018-03-01 00:12:22', '42b38640-fe69-4726-b447-de0ca0c42e95'),
 ('41', NULL, 'YouTube Link', 'youtubeLink', 'matrixBlockType:7', 'Insert the YouTube link for the speech here.', '0', 'PlainText', '{\"placeholder\":\"\",\"maxLength\":\"\",\"multiline\":\"\",\"initialRows\":\"4\"}', '2018-03-01 00:12:22', '2018-03-01 00:12:22', 'ec142285-6eea-4c20-a659-cddeecd392fb'),
 ('42', NULL, 'Transcription', 'transcription', 'matrixBlockType:7', 'Enter the transcription for the speech here.', '0', 'PlainText', '{\"placeholder\":\"\",\"maxLength\":\"\",\"multiline\":\"\",\"initialRows\":\"4\"}', '2018-03-01 00:12:22', '2018-03-01 00:12:22', '1cc2412a-1018-45f7-bf2b-d04ce32e65ad'),
 ('43', '2', 'Conrad Quote', 'conradQuote', 'global', 'Enter an inspirational Conrad Anker quote here.', '0', 'RichText', '{\"configFile\":\"\",\"availableAssetSources\":\"*\",\"availableTransforms\":\"*\",\"cleanupHtml\":\"1\",\"purifyHtml\":\"1\",\"purifierConfig\":\"\",\"columnType\":\"text\"}', '2018-03-01 00:13:14', '2018-03-01 00:13:14', 'd8a0d88f-1813-42f1-bf82-529b1875ac0e'),
 ('44', '2', 'Testimonials', 'testimonials', 'global', 'Enter testimonials here.', '0', 'Matrix', '{\"maxBlocks\":\"3\"}', '2018-03-01 00:16:01', '2018-03-01 00:16:01', '13e32076-156e-429d-b400-24e4e49e3e59'),
 ('45', NULL, 'Name of Person', 'nameOfPerson', 'matrixBlockType:8', 'Enter the name of the person giving the testimonial.', '0', 'PlainText', '{\"placeholder\":\"\",\"maxLength\":\"\",\"multiline\":\"\",\"initialRows\":\"4\"}', '2018-03-01 00:16:01', '2018-03-01 00:16:01', 'b831f9ae-1d72-4264-ad05-8a9a102d5e78'),
 ('46', NULL, 'Affiliation', 'affiliation', 'matrixBlockType:8', 'Enter the person\'s affiliation or organization.', '0', 'PlainText', '{\"placeholder\":\"\",\"maxLength\":\"\",\"multiline\":\"\",\"initialRows\":\"4\"}', '2018-03-01 00:16:01', '2018-03-01 00:16:01', 'a67fb0bd-41e7-41a1-a3a2-3f39771f194c'),
 ('47', NULL, 'Quote', 'quote', 'matrixBlockType:8', 'Enter the person\'s quote here.', '0', 'PlainText', '{\"placeholder\":\"\",\"maxLength\":\"\",\"multiline\":\"\",\"initialRows\":\"4\"}', '2018-03-01 00:16:01', '2018-03-01 00:16:01', 'c6d2fffe-8c6d-47d6-adeb-023e18f6abb8'),
 ('48', '2', 'Coordinates', 'coordinates', 'global', 'Enter Conrad\'s tour dates here.', '0', 'Matrix', '{\"maxBlocks\":null}', '2018-03-01 00:19:41', '2018-03-01 00:19:41', '80b3369e-da25-438b-9e2f-9fd1ec437610'),
 ('49', NULL, 'Date of Event', 'dateOfEvent', 'matrixBlockType:9', 'Enter the date of the event', '0', 'Date', '{\"minuteIncrement\":\"30\",\"showDate\":1,\"showTime\":0}', '2018-03-01 00:19:41', '2018-03-01 00:19:41', 'c90b8472-69ab-4123-b6d8-5ebc3d6ae60b'),
 ('50', NULL, 'Title of Event', 'titleOfEvent', 'matrixBlockType:9', 'Enter the title of the event here.', '0', 'PlainText', '{\"placeholder\":\"\",\"maxLength\":\"\",\"multiline\":\"\",\"initialRows\":\"4\"}', '2018-03-01 00:19:41', '2018-03-01 00:19:41', '973eb7ff-eeb3-455f-8b1f-8ef74875ee45'),
 ('51', NULL, 'Location of Event', 'locationOfEvent', 'matrixBlockType:9', 'Enter the city, or location of this event.', '0', 'PlainText', '{\"placeholder\":\"\",\"maxLength\":\"\",\"multiline\":\"\",\"initialRows\":\"4\"}', '2018-03-01 00:19:41', '2018-03-01 00:19:41', '8e5b952c-4467-49df-9389-e63ed14d0329'),
 ('52', NULL, 'Type of Event', 'typeOfEvent', 'matrixBlockType:9', 'Select the type of event', '0', 'Dropdown', '{\"options\":[{\"label\":\"Speaking\",\"value\":\"speaking\",\"default\":\"\"},{\"label\":\"Expedition\",\"value\":\"expedition\",\"default\":\"\"},{\"label\":\"Adventure\",\"value\":\"adventure\",\"default\":\"\"},{\"label\":\"Trade Show\",\"value\":\"tradeShow\",\"default\":\"\"},{\"label\":\"Fun\",\"value\":\"fun\",\"default\":\"\"}]}', '2018-03-01 00:19:41', '2018-03-01 00:19:41', '4c57f511-86c0-464d-82d0-542b2214ca91'),
 ('53', NULL, 'Lat/Long.', 'latLong', 'matrixBlockType:9', 'Enter the Latitude and Longitude of the event here.', '0', 'PlainText', '{\"placeholder\":\"\",\"maxLength\":\"\",\"multiline\":\"\",\"initialRows\":\"4\"}', '2018-03-01 00:19:41', '2018-03-01 00:19:41', '2a972e89-6835-4c76-a620-d08744fdbbdf'),
 ('54', '2', 'Team Body Copy', 'teamBodyCopy', 'global', 'Enter the body copy under the Team heading.', '0', 'PlainText', '{\"placeholder\":\"\",\"maxLength\":\"\",\"multiline\":\"1\",\"initialRows\":\"2\"}', '2018-03-01 00:20:09', '2018-03-01 00:20:09', 'bfe9f9cf-0e4b-4358-a475-854679e9ef94'),
 ('55', '2', 'Teammates', 'teammates', 'global', 'Enter Conrad\'s teammates here.', '0', 'Matrix', '{\"maxBlocks\":null}', '2018-03-01 00:31:21', '2018-03-01 00:31:21', 'c999d9ec-4b7b-4836-8a10-9ddf11edbbf3'),
 ('56', NULL, 'Name of Member', 'nameOfMember', 'matrixBlockType:10', 'Enter the name of the Team member here.', '0', 'PlainText', '{\"placeholder\":\"\",\"maxLength\":\"\",\"multiline\":\"\",\"initialRows\":\"4\"}', '2018-03-01 00:31:21', '2018-03-01 00:31:21', '0ae1d5bf-8262-4c58-a75c-d56054153912'),
 ('57', NULL, 'Position', 'position', 'matrixBlockType:10', 'Enter the position of the team member here.', '0', 'PlainText', '{\"placeholder\":\"\",\"maxLength\":\"\",\"multiline\":\"\",\"initialRows\":\"4\"}', '2018-03-01 00:31:21', '2018-03-01 00:31:21', 'b2f59a29-e27b-48bb-a5b6-0eeaa7c5ac36'),
 ('58', NULL, 'Headshot', 'headshot', 'matrixBlockType:10', 'Upload a headshot of the team member here.', '0', 'Assets', '{\"useSingleFolder\":\"\",\"defaultUploadLocationSubpath\":\"\",\"singleUploadLocationSubpath\":\"\",\"restrictFiles\":\"1\",\"allowedKinds\":[\"image\"],\"limit\":\"1\",\"viewMode\":\"large\",\"selectionLabel\":\"\"}', '2018-03-01 00:31:21', '2018-03-01 00:31:21', 'a8905282-0001-46a7-8d73-d7610658063b'),
 ('59', NULL, 'Video Link', 'videoLink', 'matrixBlockType:1', 'Insert a link for the video to be played in the video player.', '0', 'PlainText', '{\"placeholder\":\"\",\"maxLength\":\"\",\"multiline\":\"\",\"initialRows\":\"4\"}', '2018-03-01 00:39:39', '2018-03-01 00:40:55', '3520bbee-2a17-4952-9a1d-d3dfa2996db1'),
 ('60', NULL, 'Video Link', 'videoLink', 'matrixBlockType:2', 'Insert a link for the video player.', '0', 'PlainText', '{\"placeholder\":\"\",\"maxLength\":\"\",\"multiline\":\"\",\"initialRows\":\"4\"}', '2018-03-01 00:39:39', '2018-03-01 00:40:55', '36416935-df98-4f3d-a794-38a545b25c02'),
 ('61', '1', 'Sponsors', 'sponsors', 'global', 'Enter up to 8 sponsors to be displayed on the footer here.', '0', 'Matrix', '{\"maxBlocks\":\"8\"}', '2018-03-01 02:07:32', '2018-03-01 22:54:57', 'd607a99e-7d36-4ba4-9f7b-c6e931389254'),
 ('62', NULL, 'Name of Sponsor', 'nameOfSponsor', 'matrixBlockType:11', 'Enter the name of the sponsor here.', '0', 'PlainText', '{\"placeholder\":\"\",\"maxLength\":\"\",\"multiline\":\"\",\"initialRows\":\"4\"}', '2018-03-01 02:07:32', '2018-03-01 22:54:57', '0fd4bf6f-5f99-47ae-a4c4-6767168ac2a0'),
 ('63', NULL, 'Logo', 'logo', 'matrixBlockType:11', 'Insert a white logo with a transparent BG here.', '0', 'Assets', '{\"useSingleFolder\":\"\",\"sources\":\"*\",\"defaultUploadLocationSource\":\"1\",\"defaultUploadLocationSubpath\":\"\",\"singleUploadLocationSource\":\"1\",\"singleUploadLocationSubpath\":\"\",\"restrictFiles\":\"1\",\"allowedKinds\":[\"image\"],\"limit\":\"1\",\"viewMode\":\"large\",\"selectionLabel\":\"\"}', '2018-03-01 02:07:32', '2018-03-01 22:54:57', '791566b1-a1e7-4981-873e-7e09744db48c'),
 ('64', NULL, 'URL to Website', 'urlToWebsite', 'matrixBlockType:11', 'Enter the URL for the sponsor here', '0', 'PlainText', '{\"placeholder\":\"\",\"maxLength\":\"\",\"multiline\":\"\",\"initialRows\":\"4\"}', '2018-03-01 02:07:32', '2018-03-01 22:54:57', '3bbd3c6c-da57-487a-9cbc-6124ac842517');



DROP TABLE IF EXISTS `craft_globalsets`;


--
-- Schema for table `craft_globalsets`
--
CREATE TABLE `craft_globalsets` (
  `id` int(11) NOT NULL,
  `name` varchar(255) COLLATE utf8_unicode_ci NOT NULL,
  `handle` varchar(255) COLLATE utf8_unicode_ci NOT NULL,
  `fieldLayoutId` int(10) DEFAULT NULL,
  `dateCreated` datetime NOT NULL,
  `dateUpdated` datetime NOT NULL,
  `uid` char(36) COLLATE utf8_unicode_ci NOT NULL DEFAULT '0',
  PRIMARY KEY (`id`),
  UNIQUE KEY `craft_globalsets_name_unq_idx` (`name`),
  UNIQUE KEY `craft_globalsets_handle_unq_idx` (`handle`),
  KEY `craft_globalsets_fieldLayoutId_fk` (`fieldLayoutId`)
) ENGINE=InnoDB DEFAULT CHARSET=utf8 COLLATE=utf8_unicode_ci;

--
-- Data for table `craft_globalsets`
--

INSERT INTO `craft_globalsets` (`id`, `name`, `handle`, `fieldLayoutId`, `dateCreated`, `dateUpdated`, `uid`) VALUES
 ('51', 'Sponsors', 'sponsors', '39', '2018-03-01 02:04:20', '2018-03-01 02:07:51', '0d73c4a8-46c3-4866-98be-52968a577f98');



DROP TABLE IF EXISTS `craft_info`;


--
-- Schema for table `craft_info`
--
CREATE TABLE `craft_info` (
  `id` int(11) NOT NULL AUTO_INCREMENT,
  `version` varchar(50) COLLATE utf8_unicode_ci NOT NULL,
  `schemaVersion` varchar(15) COLLATE utf8_unicode_ci NOT NULL,
  `edition` tinyint(1) unsigned NOT NULL DEFAULT '0',
  `siteName` varchar(100) COLLATE utf8_unicode_ci NOT NULL,
  `siteUrl` varchar(255) COLLATE utf8_unicode_ci NOT NULL,
  `timezone` varchar(30) COLLATE utf8_unicode_ci DEFAULT NULL,
  `on` tinyint(1) unsigned NOT NULL DEFAULT '0',
  `maintenance` tinyint(1) unsigned NOT NULL DEFAULT '0',
  `dateCreated` datetime NOT NULL,
  `dateUpdated` datetime NOT NULL,
  `uid` char(36) COLLATE utf8_unicode_ci NOT NULL DEFAULT '0',
  PRIMARY KEY (`id`)
) ENGINE=InnoDB AUTO_INCREMENT=2 DEFAULT CHARSET=utf8 COLLATE=utf8_unicode_ci;

--
-- Data for table `craft_info`
--

INSERT INTO `craft_info` (`id`, `version`, `schemaVersion`, `edition`, `siteName`, `siteUrl`, `timezone`, `on`, `maintenance`, `dateCreated`, `dateUpdated`, `uid`) VALUES
 ('1', '2.6.3010', '2.6.13', '0', 'Conrad Anker', 'http://ec2-18-219-215-43.us-east-2.compute.amazonaws.com', 'UTC', '1', '1', '2018-02-23 22:54:10', '2018-03-02 17:51:55', 'c7ab6826-3b33-4c2b-b9be-53923e0169d3');



DROP TABLE IF EXISTS `craft_locales`;


--
-- Schema for table `craft_locales`
--
CREATE TABLE `craft_locales` (
  `locale` char(12) COLLATE utf8_unicode_ci NOT NULL,
  `sortOrder` smallint(6) unsigned DEFAULT NULL,
  `dateCreated` datetime NOT NULL,
  `dateUpdated` datetime NOT NULL,
  `uid` char(36) COLLATE utf8_unicode_ci NOT NULL DEFAULT '0',
  PRIMARY KEY (`locale`),
  KEY `craft_locales_sortOrder_idx` (`sortOrder`)
) ENGINE=InnoDB DEFAULT CHARSET=utf8 COLLATE=utf8_unicode_ci;

--
-- Data for table `craft_locales`
--

INSERT INTO `craft_locales` (`locale`, `sortOrder`, `dateCreated`, `dateUpdated`, `uid`) VALUES
 ('en_us', '1', '2018-02-23 22:54:10', '2018-02-23 22:54:10', '64e31c56-eb72-499e-98ec-dc78fc5e0c97');



DROP TABLE IF EXISTS `craft_matrixblocks`;


--
-- Schema for table `craft_matrixblocks`
--
CREATE TABLE `craft_matrixblocks` (
  `id` int(11) NOT NULL,
  `ownerId` int(11) NOT NULL,
  `fieldId` int(11) NOT NULL,
  `typeId` int(11) DEFAULT NULL,
  `sortOrder` smallint(6) unsigned DEFAULT NULL,
  `ownerLocale` char(12) COLLATE utf8_unicode_ci DEFAULT NULL,
  `dateCreated` datetime NOT NULL,
  `dateUpdated` datetime NOT NULL,
  `uid` char(36) COLLATE utf8_unicode_ci NOT NULL DEFAULT '0',
  PRIMARY KEY (`id`),
  KEY `craft_matrixblocks_ownerId_idx` (`ownerId`),
  KEY `craft_matrixblocks_fieldId_idx` (`fieldId`),
  KEY `craft_matrixblocks_typeId_idx` (`typeId`),
  KEY `craft_matrixblocks_sortOrder_idx` (`sortOrder`),
  KEY `craft_matrixblocks_ownerLocale_fk` (`ownerLocale`)
) ENGINE=InnoDB DEFAULT CHARSET=utf8 COLLATE=utf8_unicode_ci;

--
-- Data for table `craft_matrixblocks`
--

INSERT INTO `craft_matrixblocks` (`id`, `ownerId`, `fieldId`, `typeId`, `sortOrder`, `ownerLocale`, `dateCreated`, `dateUpdated`, `uid`) VALUES
 ('13', '5', '5', '2', '1', NULL, '2018-03-01 01:35:19', '2018-03-01 01:51:04', '1b01eb7f-146a-4bd4-9cea-0e3acaa6d990'),
 ('14', '5', '5', '1', '2', NULL, '2018-03-01 01:35:19', '2018-03-01 01:51:04', 'ba509d49-d193-49fe-8840-21044c0d60fc'),
 ('15', '5', '5', '2', '3', NULL, '2018-03-01 01:35:19', '2018-03-01 01:51:04', 'ed5221aa-d42e-410a-bf3d-62573ec9568e'),
 ('16', '5', '5', '1', '4', NULL, '2018-03-01 01:35:19', '2018-03-01 01:51:04', '871c9f46-38c8-4a8b-a650-00c9fa297a75'),
 ('18', '5', '14', '3', '1', NULL, '2018-03-01 01:40:33', '2018-03-01 01:51:04', '895daeb1-be85-4ae7-a9da-22feade19713'),
 ('23', '5', '14', '3', '2', NULL, '2018-03-01 01:51:04', '2018-03-01 01:51:04', '83d863bb-5177-42a9-a817-d22c5683ea2d'),
 ('24', '5', '14', '3', '3', NULL, '2018-03-01 01:51:04', '2018-03-01 01:51:04', '14810675-b5b6-4bed-8652-54ae142931fd'),
 ('25', '5', '14', '3', '4', NULL, '2018-03-01 01:51:04', '2018-03-01 01:51:04', '9563053d-4856-43f8-b230-5efc40a6f3f2'),
 ('26', '5', '14', '3', '5', NULL, '2018-03-01 01:51:04', '2018-03-01 01:51:04', 'bd222406-4155-410e-9f35-e901970d1d2d'),
 ('27', '5', '21', '4', '1', NULL, '2018-03-01 01:51:04', '2018-03-01 01:51:04', 'ab0af43e-59a7-48a3-9e58-891d440c31d1'),
 ('28', '5', '21', '4', '2', NULL, '2018-03-01 01:51:04', '2018-03-01 01:51:04', 'd0920663-fb7c-4b23-93e5-a5b912358e82'),
 ('29', '5', '21', '4', '3', NULL, '2018-03-01 01:51:04', '2018-03-01 01:51:04', '8f8a1411-3d9a-40ff-bdf1-5efdef12b2ed'),
 ('30', '5', '21', '4', '4', NULL, '2018-03-01 01:51:04', '2018-03-01 01:51:04', '54f5ca63-c843-4826-b13c-bd7323ddf1f5'),
 ('31', '5', '21', '4', '5', NULL, '2018-03-01 01:51:04', '2018-03-01 01:51:04', '37015eba-7977-41b0-bd40-60e701998407'),
 ('32', '5', '21', '4', '6', NULL, '2018-03-01 01:51:04', '2018-03-01 01:51:04', '609cdd9e-efa1-4f02-b5ec-83f7a64a0702'),
 ('40', '4', '28', '5', '1', NULL, '2018-03-01 02:04:08', '2018-03-01 02:11:50', '2e343986-668e-4e7f-a8f9-755d87ef6986'),
 ('41', '4', '28', '6', '2', NULL, '2018-03-01 02:04:08', '2018-03-01 02:11:50', '118c3dfc-3970-4ac0-8e82-e1fef00f73e1'),
 ('42', '4', '44', '8', '1', NULL, '2018-03-01 02:04:08', '2018-03-01 02:11:50', '8ce1c4d6-0e7d-4f6b-abe7-ce1e2648e488'),
 ('43', '4', '44', '8', '2', NULL, '2018-03-01 02:04:08', '2018-03-01 02:11:50', '615e106f-b712-4b84-8bc3-00a24b24a2e5'),
 ('44', '4', '44', '8', '3', NULL, '2018-03-01 02:04:08', '2018-03-01 02:11:50', 'f3774d69-1790-428a-a187-d9d2d8d04fed'),
 ('45', '4', '48', '9', '1', NULL, '2018-03-01 02:04:08', '2018-03-01 02:11:50', '08bb8784-c47e-425a-bf7c-2282041aae95'),
 ('46', '4', '48', '9', '2', NULL, '2018-03-01 02:04:08', '2018-03-01 02:11:50', '10884863-4726-4630-ae8f-9094ebb249de'),
 ('47', '4', '55', '10', '1', NULL, '2018-03-01 02:04:08', '2018-03-01 02:11:50', '8488acff-1a8d-4797-bcd8-19d25901c37f'),
 ('48', '4', '55', '10', '2', NULL, '2018-03-01 02:04:08', '2018-03-01 02:11:50', '6764cf84-2831-4815-ab5c-dbae139af46c'),
 ('49', '4', '55', '10', '3', NULL, '2018-03-01 02:04:08', '2018-03-01 02:11:50', 'b48256ae-bd36-41d7-a5db-9dfe9bdce80c'),
 ('50', '4', '55', '10', '4', NULL, '2018-03-01 02:04:08', '2018-03-01 02:11:50', 'a5b060f6-4830-4140-a154-8154b1f6ae6b'),
 ('60', '4', '38', '7', '1', NULL, '2018-03-01 02:11:50', '2018-03-01 02:11:50', 'a9e27773-6418-4a5b-bfb9-3e1f15921131'),
 ('61', '4', '38', '7', '2', NULL, '2018-03-01 02:11:50', '2018-03-01 02:11:50', '008d8374-262e-4fa5-b4fe-cdc59aaf5892'),
 ('62', '4', '38', '7', '3', NULL, '2018-03-01 02:11:50', '2018-03-01 02:11:50', '7ec76900-13a4-4a0a-9a44-1b3997399471'),
 ('63', '4', '38', '7', '4', NULL, '2018-03-01 02:11:50', '2018-03-01 02:11:50', 'a9197dbe-ae2e-4243-817c-9e61c3a534ab'),
 ('72', '51', '61', '11', '1', NULL, '2018-03-01 22:54:39', '2018-03-01 22:54:39', '7dfc4827-6d5a-4e5f-bf7e-4b76aa21b160'),
 ('73', '51', '61', '11', '2', NULL, '2018-03-01 22:54:39', '2018-03-01 22:54:39', '7f5b7201-2c1e-43f2-a1ea-f213fb363f67'),
 ('74', '51', '61', '11', '3', NULL, '2018-03-01 22:54:39', '2018-03-01 22:54:39', 'ad29678e-c200-4e7e-922f-0de935fd3c66'),
 ('75', '51', '61', '11', '4', NULL, '2018-03-01 22:54:39', '2018-03-01 22:54:39', '9ac80169-c500-42d9-b607-62662322b3a5'),
 ('76', '51', '61', '11', '5', NULL, '2018-03-01 22:54:39', '2018-03-01 22:54:39', '47b91b7a-a424-4dd0-be17-4f244d3f09a5'),
 ('77', '51', '61', '11', '6', NULL, '2018-03-01 22:54:39', '2018-03-01 22:54:39', '262c915b-07d8-4dc0-b56b-1f6a7aa62f40'),
 ('78', '51', '61', '11', '7', NULL, '2018-03-01 22:54:39', '2018-03-01 22:54:39', 'c271e3dc-9dff-496d-b93e-67155f56244f'),
 ('79', '51', '61', '11', '8', NULL, '2018-03-01 22:54:39', '2018-03-01 22:54:39', '0dfebe4f-c93f-4e40-8291-93fb26a0a600');



DROP TABLE IF EXISTS `craft_matrixblocktypes`;


--
-- Schema for table `craft_matrixblocktypes`
--
CREATE TABLE `craft_matrixblocktypes` (
  `id` int(11) NOT NULL AUTO_INCREMENT,
  `fieldId` int(11) NOT NULL,
  `fieldLayoutId` int(11) DEFAULT NULL,
  `name` varchar(255) COLLATE utf8_unicode_ci NOT NULL,
  `handle` varchar(255) COLLATE utf8_unicode_ci NOT NULL,
  `sortOrder` smallint(6) unsigned DEFAULT NULL,
  `dateCreated` datetime NOT NULL,
  `dateUpdated` datetime NOT NULL,
  `uid` char(36) COLLATE utf8_unicode_ci NOT NULL DEFAULT '0',
  PRIMARY KEY (`id`),
  UNIQUE KEY `craft_matrixblocktypes_name_fieldId_unq_idx` (`name`,`fieldId`),
  UNIQUE KEY `craft_matrixblocktypes_handle_fieldId_unq_idx` (`handle`,`fieldId`),
  KEY `craft_matrixblocktypes_fieldId_fk` (`fieldId`),
  KEY `craft_matrixblocktypes_fieldLayoutId_fk` (`fieldLayoutId`)
) ENGINE=InnoDB AUTO_INCREMENT=12 DEFAULT CHARSET=utf8 COLLATE=utf8_unicode_ci;

--
-- Data for table `craft_matrixblocktypes`
--

INSERT INTO `craft_matrixblocktypes` (`id`, `fieldId`, `fieldLayoutId`, `name`, `handle`, `sortOrder`, `dateCreated`, `dateUpdated`, `uid`) VALUES
 ('1', '5', '27', 'Left Side Thumbnail', 'leftSideThumbnail', '1', '2018-02-28 21:40:33', '2018-03-01 00:40:55', '402fe46c-6cdb-4695-8f73-bf0e43c03113'),
 ('2', '5', '28', 'Right Side Thumbnail', 'rightSideThumbnail', '2', '2018-02-28 21:40:33', '2018-03-01 00:40:56', 'deebcc52-9b33-497a-976b-6871050912bc'),
 ('3', '14', '33', 'Timeline Event', 'timelineEvent', '1', '2018-02-28 21:49:47', '2018-03-01 01:40:53', '37c3e23e-7b03-4968-b05b-ca72461c05c7'),
 ('4', '21', '34', 'Press Piece', 'pressPiece', '1', '2018-02-28 22:56:19', '2018-03-01 01:46:05', 'ecf1b871-788f-4032-9e52-ac31db35c209'),
 ('5', '28', '35', 'Right Side Image', 'rightSideImage', '1', '2018-02-28 23:33:08', '2018-03-01 01:52:35', 'fd28a6f9-edc3-4512-b217-33bb4c2af6f7'),
 ('6', '28', '36', 'Left Side Image', 'leftSideImage', '2', '2018-02-28 23:33:08', '2018-03-01 01:52:36', 'b5c0cfaa-3bf7-4342-9e60-a486b5e4b7c8'),
 ('7', '38', '16', 'Featured Speeches', 'featuredSpeeches', '1', '2018-03-01 00:12:22', '2018-03-01 00:12:22', '08757011-a295-449f-985f-18af1eb3e9f7'),
 ('8', '44', '17', 'Testimonial', 'testimonial', '1', '2018-03-01 00:16:01', '2018-03-01 00:16:01', '90307298-85b4-4b00-9e84-29af642d27e0'),
 ('9', '48', '18', 'Date', 'date', '1', '2018-03-01 00:19:41', '2018-03-01 00:19:41', '40e6d010-ad1b-4e57-a20e-e5a2ee307427'),
 ('10', '55', '19', 'Team Member', 'teamMember', '1', '2018-03-01 00:31:21', '2018-03-01 00:31:21', '4ea2ae7b-ebc3-424b-9b99-dfe2960b0c46'),
 ('11', '61', '40', 'Sponsor', 'sponsor', '1', '2018-03-01 02:07:32', '2018-03-01 22:54:57', '668b04d0-c3da-4f7d-9b54-5b6f41c002c4');



DROP TABLE IF EXISTS `craft_matrixcontent_advocacyorganizations`;


--
-- Schema for table `craft_matrixcontent_advocacyorganizations`
--
CREATE TABLE `craft_matrixcontent_advocacyorganizations` (
  `id` int(11) NOT NULL AUTO_INCREMENT,
  `elementId` int(11) NOT NULL,
  `locale` char(12) COLLATE utf8_unicode_ci NOT NULL,
  `field_rightSideImage_nameOfOrganization` text COLLATE utf8_unicode_ci,
  `field_rightSideImage_shortDescription` text COLLATE utf8_unicode_ci,
  `field_rightSideImage_learnMoreLink` text COLLATE utf8_unicode_ci,
  `field_leftSideImage_nameOfOrganization` text COLLATE utf8_unicode_ci,
  `field_leftSideImage_shortDescription` text COLLATE utf8_unicode_ci,
  `field_leftSideImage_learnMoreLink` text COLLATE utf8_unicode_ci,
  `dateCreated` datetime NOT NULL,
  `dateUpdated` datetime NOT NULL,
  `uid` char(36) COLLATE utf8_unicode_ci NOT NULL DEFAULT '0',
  PRIMARY KEY (`id`),
  UNIQUE KEY `craft_matrixcontent_advocacyorganization_elementId_locale_unq_id` (`elementId`,`locale`),
  KEY `craft_matrixcontent_advocacyorganizations_locale_fk` (`locale`)
) ENGINE=InnoDB AUTO_INCREMENT=3 DEFAULT CHARSET=utf8 COLLATE=utf8_unicode_ci;

--
-- Data for table `craft_matrixcontent_advocacyorganizations`
--

INSERT INTO `craft_matrixcontent_advocacyorganizations` (`id`, `elementId`, `locale`, `field_rightSideImage_nameOfOrganization`, `field_rightSideImage_shortDescription`, `field_rightSideImage_learnMoreLink`, `field_leftSideImage_nameOfOrganization`, `field_leftSideImage_shortDescription`, `field_leftSideImage_learnMoreLink`, `dateCreated`, `dateUpdated`, `uid`) VALUES
 ('1', '40', 'en_us', 'Protect Our Winters', 'Protect Our Winters is a passionate crew of diehards, professional athletes and industry brands mobilizing the outdoor sports community to lead the charge towards positive climate action.', 'https://protectourwinters.org/', NULL, NULL, NULL, '2018-03-01 02:04:08', '2018-03-01 02:11:50', 'a6bda278-27cd-423b-a966-a202773f68ef'),
 ('2', '41', 'en_us', NULL, NULL, NULL, 'Alex Lowe Charitable Foundation', 'The Alex Lowe Charitable Foundation (ALCF) is dedicated to preserving Alex Lowe\'s legacy by providing direction and financial support to sustainable, community-based humanitarian programs designed to help the people who live in remote regions of the world. This foundation carries on Alex\'s spirit of adventure.', 'http://www.alexlowe.org/', '2018-03-01 02:04:08', '2018-03-01 02:11:50', 'ce1df78e-8e9e-4004-b51d-6686364ff129');



DROP TABLE IF EXISTS `craft_matrixcontent_coordinates`;


--
-- Schema for table `craft_matrixcontent_coordinates`
--
CREATE TABLE `craft_matrixcontent_coordinates` (
  `id` int(11) NOT NULL AUTO_INCREMENT,
  `elementId` int(11) NOT NULL,
  `locale` char(12) COLLATE utf8_unicode_ci NOT NULL,
  `field_date_dateOfEvent` datetime DEFAULT NULL,
  `field_date_titleOfEvent` text COLLATE utf8_unicode_ci,
  `field_date_locationOfEvent` text COLLATE utf8_unicode_ci,
  `field_date_typeOfEvent` varchar(255) COLLATE utf8_unicode_ci DEFAULT NULL,
  `field_date_latLong` text COLLATE utf8_unicode_ci,
  `dateCreated` datetime NOT NULL,
  `dateUpdated` datetime NOT NULL,
  `uid` char(36) COLLATE utf8_unicode_ci NOT NULL DEFAULT '0',
  PRIMARY KEY (`id`),
  UNIQUE KEY `craft_matrixcontent_coordinates_elementId_locale_unq_idx` (`elementId`,`locale`),
  KEY `craft_matrixcontent_coordinates_locale_fk` (`locale`)
) ENGINE=InnoDB AUTO_INCREMENT=3 DEFAULT CHARSET=utf8 COLLATE=utf8_unicode_ci;

--
-- Data for table `craft_matrixcontent_coordinates`
--

INSERT INTO `craft_matrixcontent_coordinates` (`id`, `elementId`, `locale`, `field_date_dateOfEvent`, `field_date_titleOfEvent`, `field_date_locationOfEvent`, `field_date_typeOfEvent`, `field_date_latLong`, `dateCreated`, `dateUpdated`, `uid`) VALUES
 ('1', '45', 'en_us', '2018-04-01 00:00:00', 'Website Launch', 'Bozeman, MT', 'speaking', '45N/111W', '2018-03-01 02:04:08', '2018-03-01 02:11:50', 'bd1ff7ce-2d4d-419e-a986-ff77cb758326'),
 ('2', '46', 'en_us', '2018-04-30 00:00:00', 'Ascend Hyalite', 'Bozeman, MT', 'adventure', '45N/111W', '2018-03-01 02:04:08', '2018-03-01 02:11:50', '37d0681f-a0ed-4bb3-8a59-0c7b56c893e5');



DROP TABLE IF EXISTS `craft_matrixcontent_history`;


--
-- Schema for table `craft_matrixcontent_history`
--
CREATE TABLE `craft_matrixcontent_history` (
  `id` int(11) NOT NULL AUTO_INCREMENT,
  `elementId` int(11) NOT NULL,
  `locale` char(12) COLLATE utf8_unicode_ci NOT NULL,
  `field_timelineEvent_nameOfEvent` text COLLATE utf8_unicode_ci,
  `field_timelineEvent_eventDescription` text COLLATE utf8_unicode_ci,
  `dateCreated` datetime NOT NULL,
  `dateUpdated` datetime NOT NULL,
  `uid` char(36) COLLATE utf8_unicode_ci NOT NULL DEFAULT '0',
  PRIMARY KEY (`id`),
  UNIQUE KEY `craft_matrixcontent_history_elementId_locale_unq_idx` (`elementId`,`locale`),
  KEY `craft_matrixcontent_history_locale_fk` (`locale`)
) ENGINE=InnoDB AUTO_INCREMENT=6 DEFAULT CHARSET=utf8 COLLATE=utf8_unicode_ci;

--
-- Data for table `craft_matrixcontent_history`
--

INSERT INTO `craft_matrixcontent_history` (`id`, `elementId`, `locale`, `field_timelineEvent_nameOfEvent`, `field_timelineEvent_eventDescription`, `dateCreated`, `dateUpdated`, `uid`) VALUES
 ('1', '18', 'en_us', 'Everest Expedition 2012', 'To climb the West Ridge and the Southeast Ridge of Mount Everest in an expedition supported by National Geographic, The North Face, and Montana State University. Team members will measure the summit, conduct groundbreaking geological research and work with The Mayo Clinic to conduct tests on high-altitude human physiology.', '2018-03-01 01:40:33', '2018-03-01 01:51:04', 'b198bd74-b6fb-46c3-b805-2395e4184bfb'),
 ('2', '23', 'en_us', 'Shark\'s Fin, Meru 2011', 'Second attempt on the 21,000-foot mountain to get the first ascent of The Shark\'s Fin.', '2018-03-01 01:51:04', '2018-03-01 01:51:04', '085a7b8c-c615-4f90-87f9-a607c79ee1a3'),
 ('3', '24', 'en_us', 'Everest Extreme Ice Survey', 'Boulder-based Extreme Ice Survey’s research of the world’s glaciers reached new heights this year when a field team mounted five time-lapse cameras in three locations high in the Himalayas. The cameras, mounted in late April and early May, are in position to document the changing glacial landscape on Mount Everest and the nearby mountain of Ama Dablam, focusing on the Khumbu and Nare Glaciers. Their locations were decided by Extreme Ice Survey director James Balog and well-known mountaineer Conrad Anker to match historical photographs the two found during research at the American Alpine Club Library in Golden.', '2018-03-01 01:51:04', '2018-03-01 01:51:04', '03c041eb-9bab-4dc1-b37e-dc711beac1c1'),
 ('4', '25', 'en_us', 'Shark\'s Fin, Meru 2009', 'Jimmy Chin, Renan Ozturk, and Conrad Anker journey to the headwaters of the Ganges, on their attempt to scale the unclimbed central pillar of Mount Meru (6310 meters). Their objective was to climb the 1300 meter high altitude wall of the Shark’s Fin in big wall capsule style.', '2018-03-01 01:51:04', '2018-03-01 01:51:04', 'd8f5d168-7965-4eb2-9809-5104fbb89835'),
 ('5', '26', 'en_us', 'Everest Tibet Side 2007', 'The 2007 expedition team with film crew investigated Mallory and Irvine’s last journey in forensic detail and tested the durability of their clothing and equipment in the unforgiving conditions of Everest – all to reconstruct Mallory and Irvine’s final, fateful hours. Key to the understanding of their summit attempt was to be the climbers’ attempt to climb the Second Step – without the ladder installed by the Chinese – a 90-foot cliff that defied every climber after Mallory for half a century. 28,140 feet high, it is the one barrier that may have stopped Mallory and Irvine from reaching the summit in 1924.', '2018-03-01 01:51:04', '2018-03-01 01:51:04', 'f0f7f2c2-7a55-4092-978e-ebac88c261eb');



DROP TABLE IF EXISTS `craft_matrixcontent_press`;


--
-- Schema for table `craft_matrixcontent_press`
--
CREATE TABLE `craft_matrixcontent_press` (
  `id` int(11) NOT NULL AUTO_INCREMENT,
  `elementId` int(11) NOT NULL,
  `locale` char(12) COLLATE utf8_unicode_ci NOT NULL,
  `field_pressPiece_publication` text COLLATE utf8_unicode_ci,
  `field_pressPiece_articleTitle` text COLLATE utf8_unicode_ci,
  `field_pressPiece_description` text COLLATE utf8_unicode_ci,
  `field_pressPiece_seeMoreLink` text COLLATE utf8_unicode_ci,
  `dateCreated` datetime NOT NULL,
  `dateUpdated` datetime NOT NULL,
  `uid` char(36) COLLATE utf8_unicode_ci NOT NULL DEFAULT '0',
  PRIMARY KEY (`id`),
  UNIQUE KEY `craft_matrixcontent_press_elementId_locale_unq_idx` (`elementId`,`locale`),
  KEY `craft_matrixcontent_press_locale_fk` (`locale`)
) ENGINE=InnoDB AUTO_INCREMENT=7 DEFAULT CHARSET=utf8 COLLATE=utf8_unicode_ci;

--
-- Data for table `craft_matrixcontent_press`
--

INSERT INTO `craft_matrixcontent_press` (`id`, `elementId`, `locale`, `field_pressPiece_publication`, `field_pressPiece_articleTitle`, `field_pressPiece_description`, `field_pressPiece_seeMoreLink`, `dateCreated`, `dateUpdated`, `uid`) VALUES
 ('1', '27', 'en_us', 'CBS This Morning', 'Antarctica Climbers', 'Hidden deep within Antarctica\'s icy terrain lie half-a-dozen mountains that few climbers have summited. One group decided to scale all six, something no one had ever done before. They completed the expedition in less than 10 days. Conrad Anker, Cedar Wright and Alex Honnold, three of the all-star North Face climbers who recently returned from that journey, join \"CBS This Morning\" to discuss their experiences.', 'http://www.cbs.com/shows/cbs_this_morning/video/z7irE2yRGTgDilzZYhB0qCGeddHSmVEe/climbers-on-scaling-antarctica-mountains-spirit-of-exploration/', '2018-03-01 01:51:04', '2018-03-01 01:51:04', '51a31822-2f06-4089-828e-81e390b13a08'),
 ('2', '28', 'en_us', 'National Geographic', 'Expedition Antarctica', 'A team of six accomplished American climbers are currently exploring Queen Maud Land, an otherworldly territory of Antarctica. Facing extreme and challenging conditions, the goal of this month-long expedition is to reach as many summits of the Wolf’s Jaw massif as possible.', 'https://www.nationalgeographic.com/adventure/destinations/antarctica/expedition-antarctica/ ', '2018-03-01 01:51:04', '2018-03-01 01:51:04', '14f00b13-0017-4030-90f1-49298c1fbe50'),
 ('3', '29', 'en_us', 'Men\'s Journal', 'Life Advice from Conrad Anker', 'A collection of life\'s pressing questions, answered candidly by Conrad Anker.', 'https://www.mensjournal.com/adventure/life-advice-from-conrad-anker-w201283', '2018-03-01 01:51:04', '2018-03-01 01:51:04', '377886e2-4605-4b34-8faa-97c3f86bd434'),
 ('4', '30', 'en_us', 'Outside Magazine', 'An Icy Michigan Landscape Becomes Conrad Anker’s Playground', 'A collection of images and captured during the filming of National Parks Adventure.', 'https://www.outsideonline.com/2066486/icy-michigan-landscape-becomes-conrad-ankers-playground ', '2018-03-01 01:51:04', '2018-03-01 01:51:04', '8e012a68-3e6c-40fb-99db-92dfb9e3158b'),
 ('5', '31', 'en_us', 'Gear Junkie', 'Hyalite Alpine: Climbing Ice With Conrad Anker', 'We’re in Hyalite Canyon, an alpine wonderland above Anker’s hometown of Bozeman, Mont., looking up at a dark corner of dripping stone and ice. ', 'https://gearjunkie.com/featured/ice-climbing-conrad-anker-hyalite', '2018-03-01 01:51:04', '2018-03-01 01:51:04', '4e919ad0-602f-4223-ba5a-1dade2825661'),
 ('6', '32', 'en_us', 'Outside Magazine', 'How Conrad Risked it All to Chase a Dream', 'After winning the coveted audience award at Sundance, the documentary \'Meru\' is getting a nationwide theatrical release next month. How did a climbing movie break through with mainstream audiences? Credit the incredible story at its center: a tale of tragedy, family, friendship, risk, and the redemptive power of suffering.', 'https://www.outsideonline.com/1990471/meru-conrad-anker-profile', '2018-03-01 01:51:04', '2018-03-01 01:51:04', '24b3991c-3a72-4a15-8b13-80efb12caa2c');



DROP TABLE IF EXISTS `craft_matrixcontent_recentexpeditions`;


--
-- Schema for table `craft_matrixcontent_recentexpeditions`
--
CREATE TABLE `craft_matrixcontent_recentexpeditions` (
  `id` int(11) NOT NULL AUTO_INCREMENT,
  `elementId` int(11) NOT NULL,
  `locale` char(12) COLLATE utf8_unicode_ci NOT NULL,
  `field_leftSideThumbnail_nameOfExpedition` text COLLATE utf8_unicode_ci,
  `field_leftSideThumbnail_expeditionBody` text COLLATE utf8_unicode_ci,
  `field_leftSideThumbnail_learnMoreLink` text COLLATE utf8_unicode_ci,
  `field_leftSideThumbnail_purchaseLink` text COLLATE utf8_unicode_ci,
  `field_rightSideThumbnail_nameOfExpedition` text COLLATE utf8_unicode_ci,
  `field_rightSideThumbnail_expeditionDescription` text COLLATE utf8_unicode_ci,
  `field_rightSideThumbnail_learnMoreLink` text COLLATE utf8_unicode_ci,
  `field_rightSideThumbnail_purchaseLink` text COLLATE utf8_unicode_ci,
  `field_leftSideThumbnail_videoLink` text COLLATE utf8_unicode_ci,
  `field_rightSideThumbnail_videoLink` text COLLATE utf8_unicode_ci,
  `dateCreated` datetime NOT NULL,
  `dateUpdated` datetime NOT NULL,
  `uid` char(36) COLLATE utf8_unicode_ci NOT NULL DEFAULT '0',
  PRIMARY KEY (`id`),
  UNIQUE KEY `craft_matrixcontent_recentexpeditions_elementId_locale_unq_idx` (`elementId`,`locale`),
  KEY `craft_matrixcontent_recentexpeditions_locale_fk` (`locale`)
) ENGINE=InnoDB AUTO_INCREMENT=5 DEFAULT CHARSET=utf8 COLLATE=utf8_unicode_ci;

--
-- Data for table `craft_matrixcontent_recentexpeditions`
--

INSERT INTO `craft_matrixcontent_recentexpeditions` (`id`, `elementId`, `locale`, `field_leftSideThumbnail_nameOfExpedition`, `field_leftSideThumbnail_expeditionBody`, `field_leftSideThumbnail_learnMoreLink`, `field_leftSideThumbnail_purchaseLink`, `field_rightSideThumbnail_nameOfExpedition`, `field_rightSideThumbnail_expeditionDescription`, `field_rightSideThumbnail_learnMoreLink`, `field_rightSideThumbnail_purchaseLink`, `field_leftSideThumbnail_videoLink`, `field_rightSideThumbnail_videoLink`, `dateCreated`, `dateUpdated`, `uid`) VALUES
 ('1', '13', 'en_us', NULL, NULL, NULL, NULL, 'Expedition Antarctica', 'Facing extreme and challenging conditions, the goal of this month-long expedition is to reach as many summits of the Wolf’s Jaw massif as possible.', 'https://www.nationalgeographic.com/adventure/destinations/antarctica/expedition-antarctica/', '', NULL, 'Coming Soon', '2018-03-01 01:35:19', '2018-03-01 01:51:04', '699c5836-17bc-4c15-8ec1-b25177edb5cb'),
 ('2', '14', 'en_us', 'Meru', 'After suffering dramatic setbacks in their lives, three close friends who are among the world’s best professional climbers battle their complicated pasts, inner demons and nature’s harshest elements in an attempt to confront the Shark’s Fin on Mount Meru, the most technically complicated and dangerous peak in the Himalayas, one that has never been scaled to completion.', 'http://www.merufilm.com/', 'https://itunes.apple.com/us/movie/meru/id1030748788?mt=6&ign-itsct=1030748788-1030748788&ign-itscg=0177&ign-mpt=uo%3D4', NULL, NULL, NULL, NULL, 'https://www.youtube.com/watch?v=YvS6O9lVkkg ', NULL, '2018-03-01 01:35:19', '2018-03-01 01:51:04', '9b5f596b-2a6f-406f-874c-639055b0568d'),
 ('3', '15', 'en_us', NULL, NULL, NULL, NULL, 'Always Above Us', 'Leading the life of a climber involves a tremendous amount of sacrifice and hardship, but for team athletes Conrad Anker and Kris Erickson, there\'s no living without it. ', 'https://www.thenorthface.com/about-us/expeditions/always-above-us-2014.html', '', NULL, 'https://www.youtube.com/watch?v=xOm6Nktxof4 ', '2018-03-01 01:35:19', '2018-03-01 01:51:04', 'cb88ecfa-a3e3-483b-990e-295e4a0cb6e4'),
 ('4', '16', 'en_us', 'National Parks Adventure', 'Narrated by Academy Award winner Robert Redford, National Parks Adventure takes audiences on the ultimate off-trail adventure into the nation’s awe-inspiring great outdoors and untamed wilderness.', 'https://nationalparksadventure.com/', '', NULL, NULL, NULL, NULL, 'https://www.youtube.com/watch?v=0iqF2Tk_1WA', NULL, '2018-03-01 01:35:19', '2018-03-01 01:51:04', '5a9107c8-8722-40f0-bfd2-53adf08d3988');



DROP TABLE IF EXISTS `craft_matrixcontent_speeches`;


--
-- Schema for table `craft_matrixcontent_speeches`
--
CREATE TABLE `craft_matrixcontent_speeches` (
  `id` int(11) NOT NULL AUTO_INCREMENT,
  `elementId` int(11) NOT NULL,
  `locale` char(12) COLLATE utf8_unicode_ci NOT NULL,
  `field_featuredSpeeches_youtubeLink` text COLLATE utf8_unicode_ci,
  `field_featuredSpeeches_transcription` text COLLATE utf8_unicode_ci,
  `dateCreated` datetime NOT NULL,
  `dateUpdated` datetime NOT NULL,
  `uid` char(36) COLLATE utf8_unicode_ci NOT NULL DEFAULT '0',
  PRIMARY KEY (`id`),
  UNIQUE KEY `craft_matrixcontent_speeches_elementId_locale_unq_idx` (`elementId`,`locale`),
  KEY `craft_matrixcontent_speeches_locale_fk` (`locale`)
) ENGINE=InnoDB AUTO_INCREMENT=5 DEFAULT CHARSET=utf8 COLLATE=utf8_unicode_ci;

--
-- Data for table `craft_matrixcontent_speeches`
--

INSERT INTO `craft_matrixcontent_speeches` (`id`, `elementId`, `locale`, `field_featuredSpeeches_youtubeLink`, `field_featuredSpeeches_transcription`, `dateCreated`, `dateUpdated`, `uid`) VALUES
 ('1', '60', 'en_us', 'https://www.youtube.com/watch?v=f7yRNCtrXqY', '', '2018-03-01 02:11:50', '2018-03-01 02:11:50', '573f4885-ff05-4650-ba49-4f9fa6bb10b0'),
 ('2', '61', 'en_us', 'https://www.youtube.com/watch?v=bnuzVyTI2uM', '', '2018-03-01 02:11:50', '2018-03-01 02:11:50', '8f3b6454-18f3-49b7-ac89-0049c73c7850'),
 ('3', '62', 'en_us', '', '', '2018-03-01 02:11:50', '2018-03-01 02:11:50', 'bb43f708-116a-4053-b39d-ee052da4f83d'),
 ('4', '63', 'en_us', '', '', '2018-03-01 02:11:50', '2018-03-01 02:11:50', '9b028e95-5148-489d-8860-6196ee569496');



DROP TABLE IF EXISTS `craft_matrixcontent_sponsors`;


--
-- Schema for table `craft_matrixcontent_sponsors`
--
CREATE TABLE `craft_matrixcontent_sponsors` (
  `id` int(11) NOT NULL AUTO_INCREMENT,
  `elementId` int(11) NOT NULL,
  `locale` char(12) COLLATE utf8_unicode_ci NOT NULL,
  `field_sponsor_nameOfSponsor` text COLLATE utf8_unicode_ci,
  `field_sponsor_urlToWebsite` text COLLATE utf8_unicode_ci,
  `dateCreated` datetime NOT NULL,
  `dateUpdated` datetime NOT NULL,
  `uid` char(36) COLLATE utf8_unicode_ci NOT NULL DEFAULT '0',
  PRIMARY KEY (`id`),
  UNIQUE KEY `craft_matrixcontent_sponsors_elementId_locale_unq_idx` (`elementId`,`locale`),
  KEY `craft_matrixcontent_sponsors_locale_fk` (`locale`)
) ENGINE=InnoDB AUTO_INCREMENT=9 DEFAULT CHARSET=utf8 COLLATE=utf8_unicode_ci;

--
-- Data for table `craft_matrixcontent_sponsors`
--

INSERT INTO `craft_matrixcontent_sponsors` (`id`, `elementId`, `locale`, `field_sponsor_nameOfSponsor`, `field_sponsor_urlToWebsite`, `dateCreated`, `dateUpdated`, `uid`) VALUES
 ('1', '72', 'en_us', 'The North Face', 'https://www.thenorthface.com/', '2018-03-01 22:54:39', '2018-03-01 22:54:39', '5c85c90b-b758-4b8e-ba5c-59c0b1ff03ca'),
 ('2', '73', 'en_us', 'Smartwool', 'https://www.smartwool.com/', '2018-03-01 22:54:39', '2018-03-01 22:54:39', '1f70b4b9-dbda-4972-83ed-18fb349961bd'),
 ('3', '74', 'en_us', 'Voke Tab', 'https://voketab.com/', '2018-03-01 22:54:39', '2018-03-01 22:54:39', 'e9f6e763-0d87-4036-95f4-fccd685a1e3f'),
 ('4', '75', 'en_us', 'Petzl', 'https://www.petzl.com/US/en', '2018-03-01 22:54:39', '2018-03-01 22:54:39', '504aadbc-ed2e-468c-a56e-4197304ed8fb'),
 ('5', '76', 'en_us', 'Rite in the Rain', 'https://www.riteintherain.com/', '2018-03-01 22:54:39', '2018-03-01 22:54:39', '3da33173-cb1c-4d6d-a957-6477d5b96877'),
 ('6', '77', 'en_us', 'Big Sky', 'https://bigskyresort.com/', '2018-03-01 22:54:39', '2018-03-01 22:54:39', 'b1015563-02df-4a12-a18f-783316ad186b'),
 ('7', '78', 'en_us', 'Yeti', 'https://www.yeti.com/', '2018-03-01 22:54:39', '2018-03-01 22:54:39', '32e7a30d-54eb-41fd-ba55-bce2dbd1433d'),
 ('8', '79', 'en_us', 'Bluewater Ropes', 'https://www.bluewaterropes.com/', '2018-03-01 22:54:39', '2018-03-01 22:54:39', '6af09443-3768-4e50-ad50-dafb229b9a63');



DROP TABLE IF EXISTS `craft_matrixcontent_teammates`;


--
-- Schema for table `craft_matrixcontent_teammates`
--
CREATE TABLE `craft_matrixcontent_teammates` (
  `id` int(11) NOT NULL AUTO_INCREMENT,
  `elementId` int(11) NOT NULL,
  `locale` char(12) COLLATE utf8_unicode_ci NOT NULL,
  `field_teamMember_nameOfMember` text COLLATE utf8_unicode_ci,
  `field_teamMember_position` text COLLATE utf8_unicode_ci,
  `dateCreated` datetime NOT NULL,
  `dateUpdated` datetime NOT NULL,
  `uid` char(36) COLLATE utf8_unicode_ci NOT NULL DEFAULT '0',
  PRIMARY KEY (`id`),
  UNIQUE KEY `craft_matrixcontent_teammates_elementId_locale_unq_idx` (`elementId`,`locale`),
  KEY `craft_matrixcontent_teammates_locale_fk` (`locale`)
) ENGINE=InnoDB AUTO_INCREMENT=5 DEFAULT CHARSET=utf8 COLLATE=utf8_unicode_ci;

--
-- Data for table `craft_matrixcontent_teammates`
--

INSERT INTO `craft_matrixcontent_teammates` (`id`, `elementId`, `locale`, `field_teamMember_nameOfMember`, `field_teamMember_position`, `dateCreated`, `dateUpdated`, `uid`) VALUES
 ('1', '47', 'en_us', 'Conrad Anker', 'Team Leader', '2018-03-01 02:04:08', '2018-03-01 02:11:50', '07852039-cc15-4275-be7b-daf6aecd2cc2'),
 ('2', '48', 'en_us', 'Pamela Hainsworth', 'Girl Friday', '2018-03-01 02:04:08', '2018-03-01 02:11:50', 'faa933a8-22e4-4922-92ff-d7741424372a'),
 ('3', '49', 'en_us', 'Ben Ende', 'RXR Sports', '2018-03-01 02:04:08', '2018-03-01 02:11:50', '4bfbc725-61ca-4645-b735-2b82aa114e74'),
 ('4', '50', 'en_us', 'Jonathan Retseck', 'RXR Sports', '2018-03-01 02:04:08', '2018-03-01 02:11:50', 'dd22889c-61b2-4421-8d9e-5fdffc890f84');



DROP TABLE IF EXISTS `craft_matrixcontent_testimonials`;


--
-- Schema for table `craft_matrixcontent_testimonials`
--
CREATE TABLE `craft_matrixcontent_testimonials` (
  `id` int(11) NOT NULL AUTO_INCREMENT,
  `elementId` int(11) NOT NULL,
  `locale` char(12) COLLATE utf8_unicode_ci NOT NULL,
  `field_testimonial_nameOfPerson` text COLLATE utf8_unicode_ci,
  `field_testimonial_affiliation` text COLLATE utf8_unicode_ci,
  `field_testimonial_quote` text COLLATE utf8_unicode_ci,
  `dateCreated` datetime NOT NULL,
  `dateUpdated` datetime NOT NULL,
  `uid` char(36) COLLATE utf8_unicode_ci NOT NULL DEFAULT '0',
  PRIMARY KEY (`id`),
  UNIQUE KEY `craft_matrixcontent_testimonials_elementId_locale_unq_idx` (`elementId`,`locale`),
  KEY `craft_matrixcontent_testimonials_locale_fk` (`locale`)
) ENGINE=InnoDB AUTO_INCREMENT=4 DEFAULT CHARSET=utf8 COLLATE=utf8_unicode_ci;

--
-- Data for table `craft_matrixcontent_testimonials`
--

INSERT INTO `craft_matrixcontent_testimonials` (`id`, `elementId`, `locale`, `field_testimonial_nameOfPerson`, `field_testimonial_affiliation`, `field_testimonial_quote`, `dateCreated`, `dateUpdated`, `uid`) VALUES
 ('1', '42', 'en_us', 'Testimonial 1', 'Company 1', '“Conrad was amazing”', '2018-03-01 02:04:08', '2018-03-01 02:11:50', 'd551981b-0d2a-49ae-9f10-0b795676dee6'),
 ('2', '43', 'en_us', 'Testimonial 2', 'Company 2', '“Conrad was great”', '2018-03-01 02:04:08', '2018-03-01 02:11:50', '12de00e3-3ada-4bf6-8e0f-ce1eb95cd3fa'),
 ('3', '44', 'en_us', 'Testimonial 3', 'Company 3', '“Conrad inspired us”', '2018-03-01 02:04:08', '2018-03-01 02:11:50', '1a22290f-0605-42aa-aec7-ea120181efca');



DROP TABLE IF EXISTS `craft_migrations`;


--
-- Schema for table `craft_migrations`
--
CREATE TABLE `craft_migrations` (
  `id` int(11) NOT NULL AUTO_INCREMENT,
  `pluginId` int(11) DEFAULT NULL,
  `version` varchar(255) COLLATE utf8_unicode_ci NOT NULL,
  `applyTime` datetime NOT NULL,
  `dateCreated` datetime NOT NULL,
  `dateUpdated` datetime NOT NULL,
  `uid` char(36) COLLATE utf8_unicode_ci NOT NULL DEFAULT '0',
  PRIMARY KEY (`id`),
  UNIQUE KEY `craft_migrations_version_unq_idx` (`version`),
  KEY `craft_migrations_pluginId_fk` (`pluginId`)
) ENGINE=InnoDB AUTO_INCREMENT=43 DEFAULT CHARSET=utf8 COLLATE=utf8_unicode_ci;

--
-- Data for table `craft_migrations`
--

INSERT INTO `craft_migrations` (`id`, `pluginId`, `version`, `applyTime`, `dateCreated`, `dateUpdated`, `uid`) VALUES
 ('1', NULL, 'm000000_000000_base', '2018-02-23 22:54:10', '2018-02-23 22:54:10', '2018-02-23 22:54:10', '6db99c47-7425-4c66-afed-5bb6d1d0303c'),
 ('2', NULL, 'm140730_000001_add_filename_and_format_to_transformindex', '2018-02-23 22:54:10', '2018-02-23 22:54:10', '2018-02-23 22:54:10', '70bc4a83-a1e5-4fff-aa4d-aa4bb6a375b0'),
 ('3', NULL, 'm140815_000001_add_format_to_transforms', '2018-02-23 22:54:10', '2018-02-23 22:54:10', '2018-02-23 22:54:10', '2925472e-24f9-42e3-8dbc-670b4175923e'),
 ('4', NULL, 'm140822_000001_allow_more_than_128_items_per_field', '2018-02-23 22:54:10', '2018-02-23 22:54:10', '2018-02-23 22:54:10', '847f8929-376b-4640-82f5-e03947c96f8b'),
 ('5', NULL, 'm140829_000001_single_title_formats', '2018-02-23 22:54:10', '2018-02-23 22:54:10', '2018-02-23 22:54:10', '52c8943c-99be-4940-8c52-a82947ff0429'),
 ('6', NULL, 'm140831_000001_extended_cache_keys', '2018-02-23 22:54:10', '2018-02-23 22:54:10', '2018-02-23 22:54:10', '87566a72-5687-406c-9a76-760975e63291'),
 ('7', NULL, 'm140922_000001_delete_orphaned_matrix_blocks', '2018-02-23 22:54:10', '2018-02-23 22:54:10', '2018-02-23 22:54:10', '3ec48156-0b5c-4abc-b782-10ebb1021bb6'),
 ('8', NULL, 'm141008_000001_elements_index_tune', '2018-02-23 22:54:10', '2018-02-23 22:54:10', '2018-02-23 22:54:10', 'f3082db2-0640-4618-b7c1-d256ec390b39'),
 ('9', NULL, 'm141009_000001_assets_source_handle', '2018-02-23 22:54:10', '2018-02-23 22:54:10', '2018-02-23 22:54:10', '0ab7b62a-7d83-432b-80d3-e9b45fcae203'),
 ('10', NULL, 'm141024_000001_field_layout_tabs', '2018-02-23 22:54:10', '2018-02-23 22:54:10', '2018-02-23 22:54:10', 'ecf5d43b-29f7-42bc-9b06-a5518916e73b'),
 ('11', NULL, 'm141030_000000_plugin_schema_versions', '2018-02-23 22:54:10', '2018-02-23 22:54:10', '2018-02-23 22:54:10', '0dfbd99d-df12-4241-bbd2-b3503bc1d07c'),
 ('12', NULL, 'm141030_000001_drop_structure_move_permission', '2018-02-23 22:54:10', '2018-02-23 22:54:10', '2018-02-23 22:54:10', 'e1f33454-e794-41e3-97c5-ecf7042bfad0'),
 ('13', NULL, 'm141103_000001_tag_titles', '2018-02-23 22:54:10', '2018-02-23 22:54:10', '2018-02-23 22:54:10', 'f8d70d2a-3791-4059-a781-1674b01c7e16'),
 ('14', NULL, 'm141109_000001_user_status_shuffle', '2018-02-23 22:54:10', '2018-02-23 22:54:10', '2018-02-23 22:54:10', 'd4b104cc-1fb1-41d4-9e0f-e28b474fd244'),
 ('15', NULL, 'm141126_000001_user_week_start_day', '2018-02-23 22:54:10', '2018-02-23 22:54:10', '2018-02-23 22:54:10', 'deb570b8-5a90-4bb8-8135-a39a7b278b1c'),
 ('16', NULL, 'm150210_000001_adjust_user_photo_size', '2018-02-23 22:54:10', '2018-02-23 22:54:10', '2018-02-23 22:54:10', 'fd83ffd1-c42d-441e-8586-94cc31eea7ea'),
 ('17', NULL, 'm150724_000001_adjust_quality_settings', '2018-02-23 22:54:10', '2018-02-23 22:54:10', '2018-02-23 22:54:10', '7be1718a-3f7f-4920-a186-dba26f6d0ac1'),
 ('18', NULL, 'm150827_000000_element_index_settings', '2018-02-23 22:54:10', '2018-02-23 22:54:10', '2018-02-23 22:54:10', '8f86ee0f-db62-45d6-90c6-b6ed5d18dfae'),
 ('19', NULL, 'm150918_000001_add_colspan_to_widgets', '2018-02-23 22:54:10', '2018-02-23 22:54:10', '2018-02-23 22:54:10', '27dcb033-b8ba-446e-9b9c-f69662844128'),
 ('20', NULL, 'm151007_000000_clear_asset_caches', '2018-02-23 22:54:10', '2018-02-23 22:54:10', '2018-02-23 22:54:10', 'bbb14aeb-766a-4b3c-bf0e-473c21c62be4'),
 ('21', NULL, 'm151109_000000_text_url_formats', '2018-02-23 22:54:10', '2018-02-23 22:54:10', '2018-02-23 22:54:10', '85616528-f335-4b80-b510-afb5e91d5e6a'),
 ('22', NULL, 'm151110_000000_move_logo', '2018-02-23 22:54:10', '2018-02-23 22:54:10', '2018-02-23 22:54:10', 'a8607452-f5a5-4475-a4ab-4280e2f68d3b'),
 ('23', NULL, 'm151117_000000_adjust_image_widthheight', '2018-02-23 22:54:10', '2018-02-23 22:54:10', '2018-02-23 22:54:10', 'd6d850ae-09ac-478b-9a05-2e591c669327'),
 ('24', NULL, 'm151127_000000_clear_license_key_status', '2018-02-23 22:54:10', '2018-02-23 22:54:10', '2018-02-23 22:54:10', 'dd1ece05-ad28-4d6f-bb42-ef07065c4f35'),
 ('25', NULL, 'm151127_000000_plugin_license_keys', '2018-02-23 22:54:10', '2018-02-23 22:54:10', '2018-02-23 22:54:10', '1292a925-f8c7-48da-a742-5830ed321028'),
 ('26', NULL, 'm151130_000000_update_pt_widget_feeds', '2018-02-23 22:54:10', '2018-02-23 22:54:10', '2018-02-23 22:54:10', '49dca02a-0c5c-45c4-942a-113bdd55b482'),
 ('27', NULL, 'm160114_000000_asset_sources_public_url_default_true', '2018-02-23 22:54:10', '2018-02-23 22:54:10', '2018-02-23 22:54:10', 'b5348861-bd03-492d-81a9-689109195242'),
 ('28', NULL, 'm160223_000000_sortorder_to_smallint', '2018-02-23 22:54:10', '2018-02-23 22:54:10', '2018-02-23 22:54:10', '1229f1fe-745d-4074-9735-0a144b4b0304'),
 ('29', NULL, 'm160229_000000_set_default_entry_statuses', '2018-02-23 22:54:10', '2018-02-23 22:54:10', '2018-02-23 22:54:10', 'c92ed3bf-77f0-46fd-8a08-db284d8a63cb'),
 ('30', NULL, 'm160304_000000_client_permissions', '2018-02-23 22:54:10', '2018-02-23 22:54:10', '2018-02-23 22:54:10', 'b9e34976-4877-426a-812b-d549500a846f'),
 ('31', NULL, 'm160322_000000_asset_filesize', '2018-02-23 22:54:10', '2018-02-23 22:54:10', '2018-02-23 22:54:10', 'f7e264c7-85cf-4c0b-a58b-67e16469fc2e'),
 ('32', NULL, 'm160503_000000_orphaned_fieldlayouts', '2018-02-23 22:54:10', '2018-02-23 22:54:10', '2018-02-23 22:54:10', '3f6a636b-485f-4c9d-b421-0092b32860e6'),
 ('33', NULL, 'm160510_000000_tasksettings', '2018-02-23 22:54:10', '2018-02-23 22:54:10', '2018-02-23 22:54:10', '1965fc5a-6ab8-4978-873d-abbfc66e6fe2'),
 ('34', NULL, 'm160829_000000_pending_user_content_cleanup', '2018-02-23 22:54:10', '2018-02-23 22:54:10', '2018-02-23 22:54:10', '8cbda71c-d9cc-435e-b3e7-c14738c2dfdd'),
 ('35', NULL, 'm160830_000000_asset_index_uri_increase', '2018-02-23 22:54:10', '2018-02-23 22:54:10', '2018-02-23 22:54:10', '5357c542-ed03-4519-8164-ef55ebdefb86'),
 ('36', NULL, 'm160919_000000_usergroup_handle_title_unique', '2018-02-23 22:54:10', '2018-02-23 22:54:10', '2018-02-23 22:54:10', 'c3082c9e-2d99-444b-9c88-085283818125'),
 ('37', NULL, 'm161108_000000_new_version_format', '2018-02-23 22:54:10', '2018-02-23 22:54:10', '2018-02-23 22:54:10', 'dc41c86d-d814-4e7f-9be0-66e1b00bc468'),
 ('38', NULL, 'm161109_000000_index_shuffle', '2018-02-23 22:54:10', '2018-02-23 22:54:10', '2018-02-23 22:54:10', 'bc7aad4e-1ce1-4b31-bc2b-e3739fcd91a8'),
 ('39', NULL, 'm170612_000000_route_index_shuffle', '2018-02-23 22:54:10', '2018-02-23 22:54:10', '2018-02-23 22:54:10', '64cf47f0-1917-4832-a179-d1517ab4e6ee'),
 ('40', NULL, 'm171107_000000_assign_group_permissions', '2018-02-23 22:54:10', '2018-02-23 22:54:10', '2018-02-23 22:54:10', 'c0269fe5-cac5-4992-85df-3de0ceaf197f'),
 ('41', NULL, 'm171117_000001_templatecache_index_tune', '2018-02-23 22:54:10', '2018-02-23 22:54:10', '2018-02-23 22:54:10', 'ed22e2ce-4523-4b8e-8cac-ab7d450fe8ad'),
 ('42', NULL, 'm171204_000001_templatecache_index_tune_deux', '2018-02-23 22:54:10', '2018-02-23 22:54:10', '2018-02-23 22:54:10', 'feb0a86e-f71a-4992-a77b-462237eb75f6');



DROP TABLE IF EXISTS `craft_plugins`;


--
-- Schema for table `craft_plugins`
--
CREATE TABLE `craft_plugins` (
  `id` int(11) NOT NULL AUTO_INCREMENT,
  `class` varchar(150) COLLATE utf8_unicode_ci NOT NULL,
  `version` varchar(15) COLLATE utf8_unicode_ci NOT NULL,
  `schemaVersion` varchar(15) COLLATE utf8_unicode_ci DEFAULT NULL,
  `licenseKey` char(24) COLLATE utf8_unicode_ci DEFAULT NULL,
  `licenseKeyStatus` enum('valid','invalid','mismatched','unknown') COLLATE utf8_unicode_ci NOT NULL DEFAULT 'unknown',
  `enabled` tinyint(1) unsigned NOT NULL DEFAULT '0',
  `settings` text COLLATE utf8_unicode_ci,
  `installDate` datetime NOT NULL,
  `dateCreated` datetime NOT NULL,
  `dateUpdated` datetime NOT NULL,
  `uid` char(36) COLLATE utf8_unicode_ci NOT NULL DEFAULT '0',
  PRIMARY KEY (`id`)
) ENGINE=InnoDB DEFAULT CHARSET=utf8 COLLATE=utf8_unicode_ci;

DROP TABLE IF EXISTS `craft_rackspaceaccess`;


--
-- Schema for table `craft_rackspaceaccess`
--
CREATE TABLE `craft_rackspaceaccess` (
  `id` int(11) NOT NULL AUTO_INCREMENT,
  `connectionKey` varchar(255) COLLATE utf8_unicode_ci NOT NULL,
  `token` varchar(255) COLLATE utf8_unicode_ci NOT NULL,
  `storageUrl` varchar(255) COLLATE utf8_unicode_ci NOT NULL,
  `cdnUrl` varchar(255) COLLATE utf8_unicode_ci NOT NULL,
  `dateCreated` datetime NOT NULL,
  `dateUpdated` datetime NOT NULL,
  `uid` char(36) COLLATE utf8_unicode_ci NOT NULL DEFAULT '0',
  PRIMARY KEY (`id`),
  UNIQUE KEY `craft_rackspaceaccess_connectionKey_unq_idx` (`connectionKey`)
) ENGINE=InnoDB DEFAULT CHARSET=utf8 COLLATE=utf8_unicode_ci;

DROP TABLE IF EXISTS `craft_relations`;


--
-- Schema for table `craft_relations`
--
CREATE TABLE `craft_relations` (
  `id` int(11) NOT NULL AUTO_INCREMENT,
  `fieldId` int(11) NOT NULL,
  `sourceId` int(11) NOT NULL,
  `sourceLocale` char(12) COLLATE utf8_unicode_ci DEFAULT NULL,
  `targetId` int(11) NOT NULL,
  `sortOrder` smallint(6) DEFAULT NULL,
  `dateCreated` datetime NOT NULL,
  `dateUpdated` datetime NOT NULL,
  `uid` char(36) COLLATE utf8_unicode_ci NOT NULL DEFAULT '0',
  PRIMARY KEY (`id`),
  UNIQUE KEY `craft_relations_fieldId_sourceId_sourceLocale_targetId_unq_idx` (`fieldId`,`sourceId`,`sourceLocale`,`targetId`),
  KEY `craft_relations_sourceId_fk` (`sourceId`),
  KEY `craft_relations_sourceLocale_fk` (`sourceLocale`),
  KEY `craft_relations_targetId_fk` (`targetId`)
) ENGINE=InnoDB AUTO_INCREMENT=47 DEFAULT CHARSET=utf8 COLLATE=utf8_unicode_ci;

--
-- Data for table `craft_relations`
--

INSERT INTO `craft_relations` (`id`, `fieldId`, `sourceId`, `sourceLocale`, `targetId`, `sortOrder`, `dateCreated`, `dateUpdated`, `uid`) VALUES
 ('10', '16', '13', NULL, '8', '1', '2018-03-01 01:51:04', '2018-03-01 01:51:04', 'c012e122-3d2f-428f-a5f8-63d61decf7e8'),
 ('11', '15', '14', NULL, '10', '1', '2018-03-01 01:51:04', '2018-03-01 01:51:04', '08336be0-f2f7-40de-9cd5-f5d5267e10d2'),
 ('12', '16', '15', NULL, '11', '1', '2018-03-01 01:51:04', '2018-03-01 01:51:04', 'bbd96325-d912-49dc-aab7-780ad7adcda2'),
 ('13', '15', '16', NULL, '12', '1', '2018-03-01 01:51:04', '2018-03-01 01:51:04', 'bfed00ee-6785-422c-a670-41657d7456c5'),
 ('14', '18', '18', NULL, '17', '1', '2018-03-01 01:51:04', '2018-03-01 01:51:04', '84316480-62b8-4ff2-872c-80302a42bc92'),
 ('15', '18', '23', NULL, '19', '1', '2018-03-01 01:51:04', '2018-03-01 01:51:04', '6cbe0816-8617-4d9c-a01f-4f92255e6357'),
 ('16', '18', '24', NULL, '20', '1', '2018-03-01 01:51:04', '2018-03-01 01:51:04', '7205a246-0cb8-4001-8777-826a6e3b0bc6'),
 ('17', '18', '25', NULL, '21', '1', '2018-03-01 01:51:04', '2018-03-01 01:51:04', '9e4774e0-edc5-494a-b24f-d89ce8002964'),
 ('18', '18', '26', NULL, '22', '1', '2018-03-01 01:51:04', '2018-03-01 01:51:04', 'fe167431-f1ac-4a10-a1c9-19b5ae24a01c'),
 ('25', '32', '40', NULL, '33', '1', '2018-03-01 02:11:50', '2018-03-01 02:11:50', '13d324da-689a-4a68-b164-1e6aa6784ec7'),
 ('26', '36', '41', NULL, '34', '1', '2018-03-01 02:11:50', '2018-03-01 02:11:50', '1e95e47b-8961-4605-8d80-291eacc640c9'),
 ('27', '39', '60', NULL, '56', '1', '2018-03-01 02:11:50', '2018-03-01 02:11:50', '34cebe39-cf78-43c1-8c25-81ee94da36ea'),
 ('28', '40', '60', NULL, '57', '1', '2018-03-01 02:11:50', '2018-03-01 02:11:50', '894993b9-e1ea-4dc1-b4d7-997d02598386'),
 ('29', '39', '61', NULL, '54', '1', '2018-03-01 02:11:50', '2018-03-01 02:11:50', '7a53d2d2-6d05-422e-a373-ab8c3f8912c0'),
 ('30', '40', '61', NULL, '55', '1', '2018-03-01 02:11:50', '2018-03-01 02:11:50', 'cae96c72-8448-4c18-9b77-404f83668462'),
 ('31', '39', '62', NULL, '52', '1', '2018-03-01 02:11:50', '2018-03-01 02:11:50', 'aa6eaef0-5853-4522-a1d4-778ffc4faa28'),
 ('32', '40', '62', NULL, '53', '1', '2018-03-01 02:11:50', '2018-03-01 02:11:50', 'aea3ee3e-031f-4209-8b27-ea474819a950'),
 ('33', '39', '63', NULL, '58', '1', '2018-03-01 02:11:50', '2018-03-01 02:11:50', 'ec26136a-19ac-4773-a5a6-223204cbbb29'),
 ('34', '40', '63', NULL, '59', '1', '2018-03-01 02:11:50', '2018-03-01 02:11:50', '689bebfc-4c96-4140-a64d-337ef1a76d8e'),
 ('35', '58', '47', NULL, '35', '1', '2018-03-01 02:11:50', '2018-03-01 02:11:50', 'b8adfe7d-50cd-4693-8789-0c760dc6384a'),
 ('36', '58', '48', NULL, '36', '1', '2018-03-01 02:11:50', '2018-03-01 02:11:50', 'b37bcaeb-bcb6-4767-a9d7-3a3d76e73f25'),
 ('37', '58', '49', NULL, '37', '1', '2018-03-01 02:11:50', '2018-03-01 02:11:50', '67d2b484-2a13-4091-a420-047e3bb7f2f1'),
 ('38', '58', '50', NULL, '39', '1', '2018-03-01 02:11:50', '2018-03-01 02:11:50', '163deaf8-5537-408b-b639-f8c8a6aae31a'),
 ('39', '63', '72', NULL, '64', '1', '2018-03-01 22:54:39', '2018-03-01 22:54:39', '51dc9d54-e256-4aa7-9f1b-b3397b9b12ef'),
 ('40', '63', '73', NULL, '65', '1', '2018-03-01 22:54:39', '2018-03-01 22:54:39', '5572edf4-ec5a-4109-9ba0-723a19d60770'),
 ('41', '63', '74', NULL, '66', '1', '2018-03-01 22:54:39', '2018-03-01 22:54:39', '12402caa-ff7a-43f0-b2de-1f2158f056c2'),
 ('42', '63', '75', NULL, '67', '1', '2018-03-01 22:54:39', '2018-03-01 22:54:39', 'f5050f79-f56b-4741-95b4-88abadaabea5'),
 ('43', '63', '76', NULL, '68', '1', '2018-03-01 22:54:39', '2018-03-01 22:54:39', '56e2c0d0-3f18-4a58-9fe3-4c7c1b5b8f30'),
 ('44', '63', '77', NULL, '69', '1', '2018-03-01 22:54:39', '2018-03-01 22:54:39', '24538ad7-9ee2-426c-a672-63eb220ebba8'),
 ('45', '63', '78', NULL, '70', '1', '2018-03-01 22:54:39', '2018-03-01 22:54:39', '74bb0760-df10-47da-962c-7eda8f5163a6'),
 ('46', '63', '79', NULL, '71', '1', '2018-03-01 22:54:39', '2018-03-01 22:54:39', 'c9c356f5-3555-4d4f-9a26-2684949d5f0a');



DROP TABLE IF EXISTS `craft_routes`;


--
-- Schema for table `craft_routes`
--
CREATE TABLE `craft_routes` (
  `id` int(11) NOT NULL AUTO_INCREMENT,
  `locale` char(12) COLLATE utf8_unicode_ci DEFAULT NULL,
  `urlParts` varchar(255) COLLATE utf8_unicode_ci NOT NULL,
  `urlPattern` varchar(255) COLLATE utf8_unicode_ci NOT NULL,
  `template` varchar(255) COLLATE utf8_unicode_ci NOT NULL,
  `sortOrder` smallint(6) unsigned DEFAULT NULL,
  `dateCreated` datetime NOT NULL,
  `dateUpdated` datetime NOT NULL,
  `uid` char(36) COLLATE utf8_unicode_ci NOT NULL DEFAULT '0',
  PRIMARY KEY (`id`),
  KEY `craft_routes_locale_idx` (`locale`),
  KEY `craft_routes_urlPattern_idx` (`urlPattern`)
) ENGINE=InnoDB DEFAULT CHARSET=utf8 COLLATE=utf8_unicode_ci;

DROP TABLE IF EXISTS `craft_searchindex`;


--
-- Schema for table `craft_searchindex`
--
CREATE TABLE `craft_searchindex` (
  `elementId` int(11) NOT NULL,
  `attribute` varchar(25) COLLATE utf8_unicode_ci NOT NULL,
  `fieldId` int(11) NOT NULL,
  `locale` char(12) COLLATE utf8_unicode_ci NOT NULL,
  `keywords` text COLLATE utf8_unicode_ci NOT NULL,
  PRIMARY KEY (`elementId`,`attribute`,`fieldId`,`locale`),
  FULLTEXT KEY `craft_searchindex_keywords_idx` (`keywords`)
) ENGINE=MyISAM DEFAULT CHARSET=utf8 COLLATE=utf8_unicode_ci;

--
-- Data for table `craft_searchindex`
--

INSERT INTO `craft_searchindex` (`elementId`, `attribute`, `fieldId`, `locale`, `keywords`) VALUES
 ('1', 'username', '0', 'en_us', ' conrad '),
 ('1', 'firstname', '0', 'en_us', ''),
 ('1', 'lastname', '0', 'en_us', ''),
 ('1', 'fullname', '0', 'en_us', ''),
 ('1', 'email', '0', 'en_us', ' paul tripletreellc com '),
 ('1', 'slug', '0', 'en_us', ''),
 ('2', 'slug', '0', 'en_us', ' homepage '),
 ('2', 'title', '0', 'en_us', ' welcome to ec2 18 219 215 43 us east 2 compute amazonaws com '),
 ('2', 'field', '1', 'en_us', ' it s true this site doesn t have a whole lot of content yet but don t worry our web developers have just installed the cms and they re setting things up for the content editors this very moment soon ec2 18 219 215 43 us east 2 compute amazonaws com will be an oasis of fresh perspectives sharp analyses and astute opinions that will keep you coming back again and again '),
 ('9', 'filename', '0', 'en_us', ' 20111101_meru 1386 jpg '),
 ('8', 'slug', '0', 'en_us', ' expedition antarctica storming castles conrad basecamp adapt 1900 1 '),
 ('8', 'title', '0', 'en_us', ' expedition antarctica storming castles conrad basecamp adapt 1900 1 '),
 ('8', 'extension', '0', 'en_us', ' jpg '),
 ('8', 'kind', '0', 'en_us', ' image '),
 ('5', 'title', '0', 'en_us', ' explore '),
 ('5', 'slug', '0', 'en_us', ' explore '),
 ('4', 'slug', '0', 'en_us', ' engage '),
 ('4', 'title', '0', 'en_us', ' engage '),
 ('8', 'filename', '0', 'en_us', ' expedition antarctica storming castles conrad basecamp adapt 1900 1 jpg '),
 ('9', 'extension', '0', 'en_us', ' jpg '),
 ('9', 'kind', '0', 'en_us', ' image '),
 ('9', 'slug', '0', 'en_us', ' 20111101 meru 1386 '),
 ('9', 'title', '0', 'en_us', ' 20111101 meru 1386 '),
 ('10', 'filename', '0', 'en_us', ' 20111101_meru 1386_compressed jpg '),
 ('10', 'extension', '0', 'en_us', ' jpg '),
 ('10', 'kind', '0', 'en_us', ' image '),
 ('10', 'slug', '0', 'en_us', ' 20111101 meru 1386 compressed '),
 ('10', 'title', '0', 'en_us', ' 20111101 meru 1386 compressed '),
 ('11', 'filename', '0', 'en_us', ' thompson_hyaltite canyon conrad anker_1 jpg '),
 ('11', 'extension', '0', 'en_us', ' jpg '),
 ('11', 'kind', '0', 'en_us', ' image '),
 ('11', 'slug', '0', 'en_us', ' thompson hyaltite canyon conrad anker 1 '),
 ('11', 'title', '0', 'en_us', ' thompson hyaltite canyon conrad anker 1 '),
 ('12', 'filename', '0', 'en_us', ' maxresdefault jpg '),
 ('12', 'extension', '0', 'en_us', ' jpg '),
 ('12', 'kind', '0', 'en_us', ' image '),
 ('12', 'slug', '0', 'en_us', ' maxresdefault '),
 ('12', 'title', '0', 'en_us', ' maxresdefault '),
 ('5', 'field', '3', 'en_us', ' conrad anker is a climber s climber at home on a faraway alpine wall or the sparkling ice of his home canyon hyalite located in the gallatin range of southwestern montana over decades in the mountains he has come to value the rarified air of antarctica the himalaya and montana equally inspired by the value of immersion in other ecosystems and cultures he s become more fully enmeshed in both the physical and communal landscape of his hometown of bozeman conrad came to climbing by way of his family learning a deep appreciation for the outdoors from his california childhood an appreciation and respect that has deepened as climbing took him around the world conrad is still climbing at full throttle the master of technical mountaineering and captain of the north face global athlete team has over 30 years of experience under his belt yet is still chasing first ascents in 2011 he summited the shark s fin one of the last unclimbed himalayan peaks and in 2012 led an expedition to recreate the historic 1963 american mount everest expedition he s a visionary a champion for the environment a pioneer and the best comrade you ll find at 25 000 feet he s dedicated every ounce of his being to this life legendary doesn t even begin to describe him '),
 ('5', 'field', '4', 'en_us', ' first ascent of the shark s fin on merumallory and irvine research expedition everestfirst ascent of rakekniven peak queen maud land antarcticafirst ascent of the east face of vinson massif ellsworth mountains antarcticastump anker route streaked wall vi 5 11 a4 4 90 fa zion utahwinner of the 2015 sundance us documentary audience awardhonorary phd from university of utah '),
 ('5', 'field', '5', 'en_us', ' facing extreme and challenging conditions the goal of this month long expedition is to reach as many summits of the wolf s jaw massif as possible https www nationalgeographic com adventure destinations antarctica expedition antarctica expedition antarctica expedition antarctica storming castles conrad basecamp adapt 1900 1 coming soon after suffering dramatic setbacks in their lives three close friends who are among the world s best professional climbers battle their complicated pasts inner demons and nature s harshest elements in an attempt to confront the shark s fin on mount meru the most technically complicated and dangerous peak in the himalayas one that has never been scaled to completion http www merufilm com meru https itunes apple com us movie meru id1030748788 mt=6 ign itsct=1030748788 1030748788 ign itscg=0177 ign mpt=uo%3d4 20111101 meru 1386 compressed https www youtube com watch v=yvs6o9lvkkg leading the life of a climber involves a tremendous amount of sacrifice and hardship but for team athletes conrad anker and kris erickson there s no living without it https www thenorthface com about us expeditions always above us 2014 html always above us thompson hyaltite canyon conrad anker 1 https www youtube com watch v=xom6nktxof4 narrated by academy award winner robert redford national parks adventure takes audiences on the ultimate off trail adventure into the nation s awe inspiring great outdoors and untamed wilderness https nationalparksadventure com national parks adventure maxresdefault https www youtube com watch v=0iqf2tk_1wa '),
 ('5', 'field', '14', 'en_us', ' everest summit to climb the west ridge and the southeast ridge of mount everest in an expedition supported by national geographic the north face and montana state university team members will measure the summit conduct groundbreaking geological research and work with the mayo clinic to conduct tests on high altitude human physiology everest expedition 2012 jimmy chin photography second attempt on the 21 000 foot mountain to get the first ascent of the shark s fin shark s fin meru 2011 1280531658 lewinter nepal 20100508 070208 boulder based extreme ice survey s research of the world s glaciers reached new heights this year when a field team mounted five time lapse cameras in three locations high in the himalayas the cameras mounted in late april and early may are in position to document the changing glacial landscape on mount everest and the nearby mountain of ama dablam focusing on the khumbu and nare glaciers their locations were decided by extreme ice survey director james balog and well known mountaineer conrad anker to match historical photographs the two found during research at the american alpine club library in golden everest extreme ice survey meru ozturk camp h jimmy chin renan ozturk and conrad anker journey to the headwaters of the ganges on their attempt to scale the unclimbed central pillar of mount meru 6310 meters their objective was to climb the 1300 meter high altitude wall of the shark s fin in big wall capsule style shark s fin meru 2009 6905778184 d36705457b b the 2007 expedition team with film crew investigated mallory and irvine s last journey in forensic detail and tested the durability of their clothing and equipment in the unforgiving conditions of everest all to reconstruct mallory and irvine s final fateful hours key to the understanding of their summit attempt was to be the climbers attempt to climb the second step without the ladder installed by the chinese a 90 foot cliff that defied every climber after mallory for half a century 28 140 feet high it is the one barrier that may have stopped mallory and irvine from reaching the summit in 1924 everest tibet side 2007 '),
 ('5', 'field', '20', 'en_us', ' conrad s gear room is one of the most coveted in the world of mountaineering enthusiasts this room is where every great expedition truly begins '),
 ('5', 'field', '21', 'en_us', ' hidden deep within antarctica s icy terrain lie half a dozen mountains that few climbers have summited one group decided to scale all six something no one had ever done before they completed the expedition in less than 10 days conrad anker cedar wright and alex honnold three of the all star north face climbers who recently returned from that journey join cbs this morning to discuss their experiences cbs this morning http www cbs com shows cbs_this_morning video z7ire2yrgtgdilzzyhb0qcgeddhsmvee climbers on scaling antarctica mountains spirit of exploration antarctica climbers a team of six accomplished american climbers are currently exploring queen maud land an otherworldly territory of antarctica facing extreme and challenging conditions the goal of this month long expedition is to reach as many summits of the wolf s jaw massif as possible national geographic https www nationalgeographic com adventure destinations antarctica expedition antarctica expedition antarctica a collection of life s pressing questions answered candidly by conrad anker men s journal https www mensjournal com adventure life advice from conrad anker w201283 life advice from conrad anker a collection of images and captured during the filming of national parks adventure outside magazine https www outsideonline com 2066486 icy michigan landscape becomes conrad ankers playground an icy michigan landscape becomes conrad anker s playground we re in hyalite canyon an alpine wonderland above anker s hometown of bozeman mont looking up at a dark corner of dripping stone and ice gear junkie https gearjunkie com featured ice climbing conrad anker hyalite hyalite alpine climbing ice with conrad anker after winning the coveted audience award at sundance the documentary meru is getting a nationwide theatrical release next month how did a climbing movie break through with mainstream audiences credit the incredible story at its center a tale of tragedy family friendship risk and the redemptive power of suffering outside magazine https www outsideonline com 1990471 meru conrad anker profile how conrad risked it all to chase a dream '),
 ('13', 'field', '10', 'en_us', ' expedition antarctica '),
 ('13', 'field', '60', 'en_us', ' coming soon '),
 ('13', 'field', '11', 'en_us', ' facing extreme and challenging conditions the goal of this month long expedition is to reach as many summits of the wolf s jaw massif as possible '),
 ('13', 'field', '16', 'en_us', ' expedition antarctica storming castles conrad basecamp adapt 1900 1 '),
 ('13', 'field', '12', 'en_us', ' https www nationalgeographic com adventure destinations antarctica expedition antarctica '),
 ('13', 'field', '13', 'en_us', ''),
 ('13', 'slug', '0', 'en_us', ''),
 ('14', 'field', '6', 'en_us', ' meru '),
 ('14', 'field', '59', 'en_us', ' https www youtube com watch v=yvs6o9lvkkg '),
 ('14', 'field', '7', 'en_us', ' after suffering dramatic setbacks in their lives three close friends who are among the world s best professional climbers battle their complicated pasts inner demons and nature s harshest elements in an attempt to confront the shark s fin on mount meru the most technically complicated and dangerous peak in the himalayas one that has never been scaled to completion '),
 ('14', 'field', '15', 'en_us', ' 20111101 meru 1386 compressed '),
 ('14', 'field', '8', 'en_us', ' http www merufilm com '),
 ('14', 'field', '9', 'en_us', ' https itunes apple com us movie meru id1030748788 mt=6 ign itsct=1030748788 1030748788 ign itscg=0177 ign mpt=uo%3d4 '),
 ('14', 'slug', '0', 'en_us', ''),
 ('15', 'field', '10', 'en_us', ' always above us '),
 ('15', 'field', '60', 'en_us', ' https www youtube com watch v=xom6nktxof4 '),
 ('15', 'field', '11', 'en_us', ' leading the life of a climber involves a tremendous amount of sacrifice and hardship but for team athletes conrad anker and kris erickson there s no living without it '),
 ('15', 'field', '16', 'en_us', ' thompson hyaltite canyon conrad anker 1 '),
 ('15', 'field', '12', 'en_us', ' https www thenorthface com about us expeditions always above us 2014 html '),
 ('15', 'field', '13', 'en_us', ''),
 ('15', 'slug', '0', 'en_us', ''),
 ('16', 'field', '6', 'en_us', ' national parks adventure '),
 ('16', 'field', '59', 'en_us', ' https www youtube com watch v=0iqf2tk_1wa '),
 ('16', 'field', '7', 'en_us', ' narrated by academy award winner robert redford national parks adventure takes audiences on the ultimate off trail adventure into the nation s awe inspiring great outdoors and untamed wilderness '),
 ('16', 'field', '15', 'en_us', ' maxresdefault '),
 ('16', 'field', '8', 'en_us', ' https nationalparksadventure com '),
 ('16', 'field', '9', 'en_us', ''),
 ('16', 'slug', '0', 'en_us', ''),
 ('17', 'filename', '0', 'en_us', ' everest summit jpg '),
 ('17', 'extension', '0', 'en_us', ' jpg '),
 ('17', 'kind', '0', 'en_us', ' image '),
 ('17', 'slug', '0', 'en_us', ' everest summit '),
 ('17', 'title', '0', 'en_us', ' everest summit '),
 ('18', 'field', '17', 'en_us', ' everest expedition 2012 '),
 ('18', 'field', '18', 'en_us', ' everest summit '),
 ('18', 'field', '19', 'en_us', ' to climb the west ridge and the southeast ridge of mount everest in an expedition supported by national geographic the north face and montana state university team members will measure the summit conduct groundbreaking geological research and work with the mayo clinic to conduct tests on high altitude human physiology '),
 ('18', 'slug', '0', 'en_us', ''),
 ('19', 'filename', '0', 'en_us', ' jimmy chin photography jpg '),
 ('19', 'extension', '0', 'en_us', ' jpg '),
 ('19', 'kind', '0', 'en_us', ' image '),
 ('19', 'slug', '0', 'en_us', ' jimmy chin photography '),
 ('19', 'title', '0', 'en_us', ' jimmy chin photography '),
 ('20', 'filename', '0', 'en_us', ' 1280531658 lewinter_nepal_20100508_070208 jpg '),
 ('20', 'extension', '0', 'en_us', ' jpg '),
 ('20', 'kind', '0', 'en_us', ' image '),
 ('20', 'slug', '0', 'en_us', ' 1280531658 lewinter nepal 20100508 070208 '),
 ('20', 'title', '0', 'en_us', ' 1280531658 lewinter nepal 20100508 070208 '),
 ('21', 'filename', '0', 'en_us', ' meru ozturk camp_h jpg '),
 ('21', 'extension', '0', 'en_us', ' jpg '),
 ('21', 'kind', '0', 'en_us', ' image '),
 ('21', 'slug', '0', 'en_us', ' meru ozturk camp h '),
 ('21', 'title', '0', 'en_us', ' meru ozturk camp h '),
 ('22', 'filename', '0', 'en_us', ' 6905778184_d36705457b_b jpg '),
 ('22', 'extension', '0', 'en_us', ' jpg '),
 ('22', 'kind', '0', 'en_us', ' image '),
 ('22', 'slug', '0', 'en_us', ' 6905778184 d36705457b b ');
INSERT INTO `craft_searchindex` (`elementId`, `attribute`, `fieldId`, `locale`, `keywords`) VALUES
 ('22', 'title', '0', 'en_us', ' 6905778184 d36705457b b '),
 ('23', 'field', '17', 'en_us', ' shark s fin meru 2011 '),
 ('23', 'field', '18', 'en_us', ' jimmy chin photography '),
 ('23', 'field', '19', 'en_us', ' second attempt on the 21 000 foot mountain to get the first ascent of the shark s fin '),
 ('23', 'slug', '0', 'en_us', ''),
 ('24', 'field', '17', 'en_us', ' everest extreme ice survey '),
 ('24', 'field', '18', 'en_us', ' 1280531658 lewinter nepal 20100508 070208 '),
 ('24', 'field', '19', 'en_us', ' boulder based extreme ice survey s research of the world s glaciers reached new heights this year when a field team mounted five time lapse cameras in three locations high in the himalayas the cameras mounted in late april and early may are in position to document the changing glacial landscape on mount everest and the nearby mountain of ama dablam focusing on the khumbu and nare glaciers their locations were decided by extreme ice survey director james balog and well known mountaineer conrad anker to match historical photographs the two found during research at the american alpine club library in golden '),
 ('24', 'slug', '0', 'en_us', ''),
 ('25', 'field', '17', 'en_us', ' shark s fin meru 2009 '),
 ('25', 'field', '18', 'en_us', ' meru ozturk camp h '),
 ('25', 'field', '19', 'en_us', ' jimmy chin renan ozturk and conrad anker journey to the headwaters of the ganges on their attempt to scale the unclimbed central pillar of mount meru 6310 meters their objective was to climb the 1300 meter high altitude wall of the shark s fin in big wall capsule style '),
 ('25', 'slug', '0', 'en_us', ''),
 ('26', 'field', '17', 'en_us', ' everest tibet side 2007 '),
 ('26', 'field', '18', 'en_us', ' 6905778184 d36705457b b '),
 ('26', 'field', '19', 'en_us', ' the 2007 expedition team with film crew investigated mallory and irvine s last journey in forensic detail and tested the durability of their clothing and equipment in the unforgiving conditions of everest all to reconstruct mallory and irvine s final fateful hours key to the understanding of their summit attempt was to be the climbers attempt to climb the second step without the ladder installed by the chinese a 90 foot cliff that defied every climber after mallory for half a century 28 140 feet high it is the one barrier that may have stopped mallory and irvine from reaching the summit in 1924 '),
 ('26', 'slug', '0', 'en_us', ''),
 ('27', 'field', '22', 'en_us', ' cbs this morning '),
 ('27', 'field', '23', 'en_us', ' antarctica climbers '),
 ('27', 'field', '24', 'en_us', ' hidden deep within antarctica s icy terrain lie half a dozen mountains that few climbers have summited one group decided to scale all six something no one had ever done before they completed the expedition in less than 10 days conrad anker cedar wright and alex honnold three of the all star north face climbers who recently returned from that journey join cbs this morning to discuss their experiences '),
 ('27', 'field', '25', 'en_us', ' http www cbs com shows cbs_this_morning video z7ire2yrgtgdilzzyhb0qcgeddhsmvee climbers on scaling antarctica mountains spirit of exploration '),
 ('27', 'slug', '0', 'en_us', ''),
 ('28', 'field', '22', 'en_us', ' national geographic '),
 ('28', 'field', '23', 'en_us', ' expedition antarctica '),
 ('28', 'field', '24', 'en_us', ' a team of six accomplished american climbers are currently exploring queen maud land an otherworldly territory of antarctica facing extreme and challenging conditions the goal of this month long expedition is to reach as many summits of the wolf s jaw massif as possible '),
 ('28', 'field', '25', 'en_us', ' https www nationalgeographic com adventure destinations antarctica expedition antarctica '),
 ('28', 'slug', '0', 'en_us', ''),
 ('29', 'field', '22', 'en_us', ' men s journal '),
 ('29', 'field', '23', 'en_us', ' life advice from conrad anker '),
 ('29', 'field', '24', 'en_us', ' a collection of life s pressing questions answered candidly by conrad anker '),
 ('29', 'field', '25', 'en_us', ' https www mensjournal com adventure life advice from conrad anker w201283 '),
 ('29', 'slug', '0', 'en_us', ''),
 ('30', 'field', '22', 'en_us', ' outside magazine '),
 ('30', 'field', '23', 'en_us', ' an icy michigan landscape becomes conrad anker s playground '),
 ('30', 'field', '24', 'en_us', ' a collection of images and captured during the filming of national parks adventure '),
 ('30', 'field', '25', 'en_us', ' https www outsideonline com 2066486 icy michigan landscape becomes conrad ankers playground '),
 ('30', 'slug', '0', 'en_us', ''),
 ('31', 'field', '22', 'en_us', ' gear junkie '),
 ('31', 'field', '23', 'en_us', ' hyalite alpine climbing ice with conrad anker '),
 ('31', 'field', '24', 'en_us', ' we re in hyalite canyon an alpine wonderland above anker s hometown of bozeman mont looking up at a dark corner of dripping stone and ice '),
 ('31', 'field', '25', 'en_us', ' https gearjunkie com featured ice climbing conrad anker hyalite '),
 ('31', 'slug', '0', 'en_us', ''),
 ('32', 'field', '22', 'en_us', ' outside magazine '),
 ('32', 'field', '23', 'en_us', ' how conrad risked it all to chase a dream '),
 ('32', 'field', '24', 'en_us', ' after winning the coveted audience award at sundance the documentary meru is getting a nationwide theatrical release next month how did a climbing movie break through with mainstream audiences credit the incredible story at its center a tale of tragedy family friendship risk and the redemptive power of suffering '),
 ('32', 'field', '25', 'en_us', ' https www outsideonline com 1990471 meru conrad anker profile '),
 ('32', 'slug', '0', 'en_us', ''),
 ('33', 'filename', '0', 'en_us', ' haines_251 jpg '),
 ('33', 'extension', '0', 'en_us', ' jpg '),
 ('33', 'kind', '0', 'en_us', ' image '),
 ('33', 'slug', '0', 'en_us', ' haines 251 '),
 ('33', 'title', '0', 'en_us', ' haines 251 '),
 ('34', 'filename', '0', 'en_us', ' alexlowe jpg '),
 ('34', 'extension', '0', 'en_us', ' jpg '),
 ('34', 'kind', '0', 'en_us', ' image '),
 ('34', 'slug', '0', 'en_us', ' alexlowe '),
 ('34', 'title', '0', 'en_us', ' alexlowe '),
 ('35', 'filename', '0', 'en_us', ' conrad jpg '),
 ('35', 'extension', '0', 'en_us', ' jpg '),
 ('35', 'kind', '0', 'en_us', ' image '),
 ('35', 'slug', '0', 'en_us', ' conrad '),
 ('35', 'title', '0', 'en_us', ' conrad '),
 ('36', 'filename', '0', 'en_us', ' pamela jpg '),
 ('36', 'extension', '0', 'en_us', ' jpg '),
 ('36', 'kind', '0', 'en_us', ' image '),
 ('36', 'slug', '0', 'en_us', ' pamela '),
 ('36', 'title', '0', 'en_us', ' pamela '),
 ('37', 'filename', '0', 'en_us', ' ben ende jpg '),
 ('37', 'extension', '0', 'en_us', ' jpg '),
 ('37', 'kind', '0', 'en_us', ' image '),
 ('37', 'slug', '0', 'en_us', ' ben ende '),
 ('37', 'title', '0', 'en_us', ' ben ende '),
 ('38', 'filename', '0', 'en_us', ' johnathan retseck jpg '),
 ('38', 'extension', '0', 'en_us', ' jpg '),
 ('38', 'kind', '0', 'en_us', ' image '),
 ('38', 'slug', '0', 'en_us', ' johnathan retseck '),
 ('38', 'title', '0', 'en_us', ' johnathan retseck '),
 ('39', 'filename', '0', 'en_us', ' jonathan retseck jpg '),
 ('39', 'extension', '0', 'en_us', ' jpg '),
 ('39', 'kind', '0', 'en_us', ' image '),
 ('39', 'slug', '0', 'en_us', ' jonathan retseck '),
 ('39', 'title', '0', 'en_us', ' jonathan retseck '),
 ('4', 'field', '26', 'en_us', ' we do not just measure greatness by the peaks that we climb or the heights that we reach but rather by the positive impact that we create for ourselves our communities and our planet our goodness to each other is what makes us whole and what endures for generations beyond our physical feats achievements conrad invites everyone who is inspired by the wisdom of the great outdoors to engage in the conversation of conservation and become an advocate for nature and protecting our sacred mother earth '),
 ('4', 'field', '27', 'en_us', ' conrad is a direct advocate for these incredible organizations '),
 ('4', 'field', '28', 'en_us', ' https protectourwinters org protect our winters protect our winters is a passionate crew of diehards professional athletes and industry brands mobilizing the outdoor sports community to lead the charge towards positive climate action haines 251 http www alexlowe org alex lowe charitable foundation the alex lowe charitable foundation alcf is dedicated to preserving alex lowe s legacy by providing direction and financial support to sustainable community based humanitarian programs designed to help the people who live in remote regions of the world this foundation carries on alex s spirit of adventure alexlowe '),
 ('4', 'field', '37', 'en_us', ' speaking to crowds in size ranging from college lecture halls to massive graduation ceremonies conrad reflects on lessons learned from his prodigious accomplishments close calls and overwhelming obstacles though the life of a climber seems to sometimes be fraught with innumerable challenges conrad s optimism and positivity has given him the strength to endure what many would classify as impossible and that s a sentiment he aims to share through his words i ve learned that these things my family my passion for climbing and for being a force for good in the local community and in the larger community are the source of happiness for me he says i know that life will keep changing and keep throwing new challenges my way but my intent is always to embrace them and explore them and find a way to turn them into an experience that s rewarding even when we re suffering whether it s in the mountains or because of something going on at home trying situations are a way to understand our human condition you have to try to rise above the adversity i like doing that '),
 ('4', 'field', '43', 'en_us', ' enlightenment isn t found with a full stomach or on a soft pillow conrad anker '),
 ('4', 'field', '38', 'en_us', ' anker commencement speech 1 utah logo https www youtube com watch v=f7yrnctrxqy photographer max lowe google logo https www youtube com watch v=bnuzvyti2um conrad anker 2016 apple logo conrad anker profile hitachi logo '),
 ('4', 'field', '44', 'en_us', ' company 1 testimonial 1 conrad was amazing company 2 testimonial 2 conrad was great company 3 testimonial 3 conrad inspired us '),
 ('4', 'field', '48', 'en_us', ' 2018 04 01 45n 111w bozeman mt website launch speaking 2018 04 30 45n 111w bozeman mt ascend hyalite adventure '),
 ('4', 'field', '54', 'en_us', ' every mountaineer needs an exemplary team of partners to reach the summit '),
 ('4', 'field', '55', 'en_us', ' conrad conrad anker team leader pamela pamela hainsworth girl friday ben ende ben ende rxr sports jonathan retseck jonathan retseck rxr sports '),
 ('40', 'field', '29', 'en_us', ' protect our winters '),
 ('40', 'field', '30', 'en_us', ' protect our winters is a passionate crew of diehards professional athletes and industry brands mobilizing the outdoor sports community to lead the charge towards positive climate action '),
 ('40', 'field', '31', 'en_us', ' https protectourwinters org '),
 ('40', 'field', '32', 'en_us', ' haines 251 '),
 ('40', 'slug', '0', 'en_us', ''),
 ('41', 'field', '33', 'en_us', ' alex lowe charitable foundation '),
 ('41', 'field', '34', 'en_us', ' the alex lowe charitable foundation alcf is dedicated to preserving alex lowe s legacy by providing direction and financial support to sustainable community based humanitarian programs designed to help the people who live in remote regions of the world this foundation carries on alex s spirit of adventure '),
 ('41', 'field', '35', 'en_us', ' http www alexlowe org ');
INSERT INTO `craft_searchindex` (`elementId`, `attribute`, `fieldId`, `locale`, `keywords`) VALUES
 ('41', 'field', '36', 'en_us', ' alexlowe '),
 ('41', 'slug', '0', 'en_us', ''),
 ('42', 'field', '45', 'en_us', ' testimonial 1 '),
 ('42', 'field', '46', 'en_us', ' company 1 '),
 ('42', 'field', '47', 'en_us', ' conrad was amazing '),
 ('42', 'slug', '0', 'en_us', ''),
 ('43', 'field', '45', 'en_us', ' testimonial 2 '),
 ('43', 'field', '46', 'en_us', ' company 2 '),
 ('43', 'field', '47', 'en_us', ' conrad was great '),
 ('43', 'slug', '0', 'en_us', ''),
 ('44', 'field', '45', 'en_us', ' testimonial 3 '),
 ('44', 'field', '46', 'en_us', ' company 3 '),
 ('44', 'field', '47', 'en_us', ' conrad inspired us '),
 ('44', 'slug', '0', 'en_us', ''),
 ('45', 'field', '49', 'en_us', ' 2018 04 01 '),
 ('45', 'field', '50', 'en_us', ' website launch '),
 ('45', 'field', '51', 'en_us', ' bozeman mt '),
 ('45', 'field', '52', 'en_us', ' speaking '),
 ('45', 'field', '53', 'en_us', ' 45n 111w '),
 ('45', 'slug', '0', 'en_us', ''),
 ('46', 'field', '49', 'en_us', ' 2018 04 30 '),
 ('46', 'field', '50', 'en_us', ' ascend hyalite '),
 ('46', 'field', '51', 'en_us', ' bozeman mt '),
 ('46', 'field', '52', 'en_us', ' adventure '),
 ('46', 'field', '53', 'en_us', ' 45n 111w '),
 ('46', 'slug', '0', 'en_us', ''),
 ('47', 'field', '56', 'en_us', ' conrad anker '),
 ('47', 'field', '57', 'en_us', ' team leader '),
 ('47', 'field', '58', 'en_us', ' conrad '),
 ('47', 'slug', '0', 'en_us', ''),
 ('48', 'field', '56', 'en_us', ' pamela hainsworth '),
 ('48', 'field', '57', 'en_us', ' girl friday '),
 ('48', 'field', '58', 'en_us', ' pamela '),
 ('48', 'slug', '0', 'en_us', ''),
 ('49', 'field', '56', 'en_us', ' ben ende '),
 ('49', 'field', '57', 'en_us', ' rxr sports '),
 ('49', 'field', '58', 'en_us', ' ben ende '),
 ('49', 'slug', '0', 'en_us', ''),
 ('50', 'field', '56', 'en_us', ' jonathan retseck '),
 ('50', 'field', '57', 'en_us', ' rxr sports '),
 ('50', 'field', '58', 'en_us', ' jonathan retseck '),
 ('50', 'slug', '0', 'en_us', ''),
 ('51', 'slug', '0', 'en_us', ''),
 ('51', 'field', '61', 'en_us', ' northface logo the north face https www thenorthface com smartwool logo smartwool https www smartwool com voke logo voke tab https voketab com petzl logo petzl https www petzl com us en rite logo rite in the rain https www riteintherain com bigsky logo big sky https bigskyresort com yeti logo yeti https www yeti com bluewater logo bluewater ropes https www bluewaterropes com '),
 ('52', 'filename', '0', 'en_us', ' conrad_anker_ _2016 jpg '),
 ('52', 'extension', '0', 'en_us', ' jpg '),
 ('52', 'kind', '0', 'en_us', ' image '),
 ('52', 'slug', '0', 'en_us', ' conrad anker 2016 '),
 ('52', 'title', '0', 'en_us', ' conrad anker 2016 '),
 ('53', 'filename', '0', 'en_us', ' apple_logo png '),
 ('53', 'extension', '0', 'en_us', ' png '),
 ('53', 'kind', '0', 'en_us', ' image '),
 ('53', 'slug', '0', 'en_us', ' apple logo '),
 ('53', 'title', '0', 'en_us', ' apple logo '),
 ('54', 'filename', '0', 'en_us', ' photographer max lowe jpg '),
 ('54', 'extension', '0', 'en_us', ' jpg '),
 ('54', 'kind', '0', 'en_us', ' image '),
 ('54', 'slug', '0', 'en_us', ' photographer max lowe '),
 ('54', 'title', '0', 'en_us', ' photographer max lowe '),
 ('55', 'filename', '0', 'en_us', ' google_logo png '),
 ('55', 'extension', '0', 'en_us', ' png '),
 ('55', 'kind', '0', 'en_us', ' image '),
 ('55', 'slug', '0', 'en_us', ' google logo '),
 ('55', 'title', '0', 'en_us', ' google logo '),
 ('56', 'filename', '0', 'en_us', ' anker commencement speech 1 jpg '),
 ('56', 'extension', '0', 'en_us', ' jpg '),
 ('56', 'kind', '0', 'en_us', ' image '),
 ('56', 'slug', '0', 'en_us', ' anker commencement speech 1 '),
 ('56', 'title', '0', 'en_us', ' anker commencement speech 1 '),
 ('57', 'filename', '0', 'en_us', ' utah_logo png '),
 ('57', 'extension', '0', 'en_us', ' png '),
 ('57', 'kind', '0', 'en_us', ' image '),
 ('57', 'slug', '0', 'en_us', ' utah logo '),
 ('57', 'title', '0', 'en_us', ' utah logo '),
 ('58', 'filename', '0', 'en_us', ' conrad_anker_profile jpg '),
 ('58', 'extension', '0', 'en_us', ' jpg '),
 ('58', 'kind', '0', 'en_us', ' image '),
 ('58', 'slug', '0', 'en_us', ' conrad anker profile '),
 ('58', 'title', '0', 'en_us', ' conrad anker profile '),
 ('59', 'filename', '0', 'en_us', ' hitachi_logo png '),
 ('59', 'extension', '0', 'en_us', ' png '),
 ('59', 'kind', '0', 'en_us', ' image '),
 ('59', 'slug', '0', 'en_us', ' hitachi logo '),
 ('59', 'title', '0', 'en_us', ' hitachi logo '),
 ('60', 'field', '39', 'en_us', ' anker commencement speech 1 '),
 ('60', 'field', '40', 'en_us', ' utah logo '),
 ('60', 'field', '41', 'en_us', ' https www youtube com watch v=f7yrnctrxqy '),
 ('60', 'field', '42', 'en_us', ''),
 ('60', 'slug', '0', 'en_us', ''),
 ('61', 'field', '39', 'en_us', ' photographer max lowe '),
 ('61', 'field', '40', 'en_us', ' google logo '),
 ('61', 'field', '41', 'en_us', ' https www youtube com watch v=bnuzvyti2um '),
 ('61', 'field', '42', 'en_us', ''),
 ('61', 'slug', '0', 'en_us', ''),
 ('62', 'field', '39', 'en_us', ' conrad anker 2016 '),
 ('62', 'field', '40', 'en_us', ' apple logo '),
 ('62', 'field', '41', 'en_us', ''),
 ('62', 'field', '42', 'en_us', ''),
 ('62', 'slug', '0', 'en_us', ''),
 ('63', 'field', '39', 'en_us', ' conrad anker profile ');
INSERT INTO `craft_searchindex` (`elementId`, `attribute`, `fieldId`, `locale`, `keywords`) VALUES
 ('63', 'field', '40', 'en_us', ' hitachi logo '),
 ('63', 'field', '41', 'en_us', ''),
 ('63', 'field', '42', 'en_us', ''),
 ('63', 'slug', '0', 'en_us', ''),
 ('64', 'filename', '0', 'en_us', ' northface_logo png '),
 ('64', 'extension', '0', 'en_us', ' png '),
 ('64', 'kind', '0', 'en_us', ' image '),
 ('64', 'slug', '0', 'en_us', ' northface logo '),
 ('64', 'title', '0', 'en_us', ' northface logo '),
 ('65', 'filename', '0', 'en_us', ' smartwool_logo png '),
 ('65', 'extension', '0', 'en_us', ' png '),
 ('65', 'kind', '0', 'en_us', ' image '),
 ('65', 'slug', '0', 'en_us', ' smartwool logo '),
 ('65', 'title', '0', 'en_us', ' smartwool logo '),
 ('66', 'filename', '0', 'en_us', ' voke_logo png '),
 ('66', 'extension', '0', 'en_us', ' png '),
 ('66', 'kind', '0', 'en_us', ' image '),
 ('66', 'slug', '0', 'en_us', ' voke logo '),
 ('66', 'title', '0', 'en_us', ' voke logo '),
 ('67', 'filename', '0', 'en_us', ' petzl_logo png '),
 ('67', 'extension', '0', 'en_us', ' png '),
 ('67', 'kind', '0', 'en_us', ' image '),
 ('67', 'slug', '0', 'en_us', ' petzl logo '),
 ('67', 'title', '0', 'en_us', ' petzl logo '),
 ('68', 'filename', '0', 'en_us', ' rite_logo png '),
 ('68', 'extension', '0', 'en_us', ' png '),
 ('68', 'kind', '0', 'en_us', ' image '),
 ('68', 'slug', '0', 'en_us', ' rite logo '),
 ('68', 'title', '0', 'en_us', ' rite logo '),
 ('69', 'filename', '0', 'en_us', ' bigsky_logo png '),
 ('69', 'extension', '0', 'en_us', ' png '),
 ('69', 'kind', '0', 'en_us', ' image '),
 ('69', 'slug', '0', 'en_us', ' bigsky logo '),
 ('69', 'title', '0', 'en_us', ' bigsky logo '),
 ('70', 'filename', '0', 'en_us', ' yeti_logo png '),
 ('70', 'extension', '0', 'en_us', ' png '),
 ('70', 'kind', '0', 'en_us', ' image '),
 ('70', 'slug', '0', 'en_us', ' yeti logo '),
 ('70', 'title', '0', 'en_us', ' yeti logo '),
 ('71', 'filename', '0', 'en_us', ' bluewater_logo png '),
 ('71', 'extension', '0', 'en_us', ' png '),
 ('71', 'kind', '0', 'en_us', ' image '),
 ('71', 'slug', '0', 'en_us', ' bluewater logo '),
 ('71', 'title', '0', 'en_us', ' bluewater logo '),
 ('72', 'field', '62', 'en_us', ' the north face '),
 ('72', 'field', '63', 'en_us', ' northface logo '),
 ('72', 'field', '64', 'en_us', ' https www thenorthface com '),
 ('72', 'slug', '0', 'en_us', ''),
 ('73', 'field', '62', 'en_us', ' smartwool '),
 ('73', 'field', '63', 'en_us', ' smartwool logo '),
 ('73', 'field', '64', 'en_us', ' https www smartwool com '),
 ('73', 'slug', '0', 'en_us', ''),
 ('74', 'field', '62', 'en_us', ' voke tab '),
 ('74', 'field', '63', 'en_us', ' voke logo '),
 ('74', 'field', '64', 'en_us', ' https voketab com '),
 ('74', 'slug', '0', 'en_us', ''),
 ('75', 'field', '62', 'en_us', ' petzl '),
 ('75', 'field', '63', 'en_us', ' petzl logo '),
 ('75', 'field', '64', 'en_us', ' https www petzl com us en '),
 ('75', 'slug', '0', 'en_us', ''),
 ('76', 'field', '62', 'en_us', ' rite in the rain '),
 ('76', 'field', '63', 'en_us', ' rite logo '),
 ('76', 'field', '64', 'en_us', ' https www riteintherain com '),
 ('76', 'slug', '0', 'en_us', ''),
 ('77', 'field', '62', 'en_us', ' big sky '),
 ('77', 'field', '63', 'en_us', ' bigsky logo '),
 ('77', 'field', '64', 'en_us', ' https bigskyresort com '),
 ('77', 'slug', '0', 'en_us', ''),
 ('78', 'field', '62', 'en_us', ' yeti '),
 ('78', 'field', '63', 'en_us', ' yeti logo '),
 ('78', 'field', '64', 'en_us', ' https www yeti com '),
 ('78', 'slug', '0', 'en_us', ''),
 ('79', 'field', '62', 'en_us', ' bluewater ropes '),
 ('79', 'field', '63', 'en_us', ' bluewater logo '),
 ('79', 'field', '64', 'en_us', ' https www bluewaterropes com '),
 ('79', 'slug', '0', 'en_us', '');



DROP TABLE IF EXISTS `craft_sections`;


--
-- Schema for table `craft_sections`
--
CREATE TABLE `craft_sections` (
  `id` int(11) NOT NULL AUTO_INCREMENT,
  `structureId` int(11) DEFAULT NULL,
  `name` varchar(255) COLLATE utf8_unicode_ci NOT NULL,
  `handle` varchar(255) COLLATE utf8_unicode_ci NOT NULL,
  `type` enum('single','channel','structure') COLLATE utf8_unicode_ci NOT NULL DEFAULT 'channel',
  `hasUrls` tinyint(1) unsigned NOT NULL DEFAULT '1',
  `template` varchar(500) COLLATE utf8_unicode_ci DEFAULT NULL,
  `enableVersioning` tinyint(1) unsigned NOT NULL DEFAULT '0',
  `dateCreated` datetime NOT NULL,
  `dateUpdated` datetime NOT NULL,
  `uid` char(36) COLLATE utf8_unicode_ci NOT NULL DEFAULT '0',
  PRIMARY KEY (`id`),
  UNIQUE KEY `craft_sections_name_unq_idx` (`name`),
  UNIQUE KEY `craft_sections_handle_unq_idx` (`handle`),
  KEY `craft_sections_structureId_fk` (`structureId`)
) ENGINE=InnoDB AUTO_INCREMENT=5 DEFAULT CHARSET=utf8 COLLATE=utf8_unicode_ci;

--
-- Data for table `craft_sections`
--

INSERT INTO `craft_sections` (`id`, `structureId`, `name`, `handle`, `type`, `hasUrls`, `template`, `enableVersioning`, `dateCreated`, `dateUpdated`, `uid`) VALUES
 ('1', NULL, 'Homepage', 'homepage', 'single', '1', 'index', '1', '2018-02-23 22:54:12', '2018-02-23 22:54:12', 'ccc77471-4b36-4514-8814-bc69b5d9365c'),
 ('3', NULL, 'Engage', 'engage', 'single', '1', 'engage', '1', '2018-02-28 21:14:36', '2018-02-28 21:14:36', '313bd47d-266a-4535-8c2b-8ec2d7605820'),
 ('4', NULL, 'Explore', 'explore', 'single', '1', 'explore', '1', '2018-02-28 21:16:20', '2018-02-28 21:16:20', 'e5bf16c5-d309-4625-9cf2-3545e83aec88');



DROP TABLE IF EXISTS `craft_sections_i18n`;


--
-- Schema for table `craft_sections_i18n`
--
CREATE TABLE `craft_sections_i18n` (
  `id` int(11) NOT NULL AUTO_INCREMENT,
  `sectionId` int(11) NOT NULL,
  `locale` char(12) COLLATE utf8_unicode_ci NOT NULL,
  `enabledByDefault` tinyint(1) unsigned NOT NULL DEFAULT '1',
  `urlFormat` text COLLATE utf8_unicode_ci,
  `nestedUrlFormat` text COLLATE utf8_unicode_ci,
  `dateCreated` datetime NOT NULL,
  `dateUpdated` datetime NOT NULL,
  `uid` char(36) COLLATE utf8_unicode_ci NOT NULL DEFAULT '0',
  PRIMARY KEY (`id`),
  UNIQUE KEY `craft_sections_i18n_sectionId_locale_unq_idx` (`sectionId`,`locale`),
  KEY `craft_sections_i18n_locale_fk` (`locale`)
) ENGINE=InnoDB AUTO_INCREMENT=5 DEFAULT CHARSET=utf8 COLLATE=utf8_unicode_ci;

--
-- Data for table `craft_sections_i18n`
--

INSERT INTO `craft_sections_i18n` (`id`, `sectionId`, `locale`, `enabledByDefault`, `urlFormat`, `nestedUrlFormat`, `dateCreated`, `dateUpdated`, `uid`) VALUES
 ('1', '1', 'en_us', '1', '__home__', NULL, '2018-02-23 22:54:12', '2018-02-23 22:54:12', '4b2e635a-351a-494f-9e4e-3084a8e37cef'),
 ('3', '3', 'en_us', '1', 'engage', NULL, '2018-02-28 21:14:36', '2018-02-28 21:14:36', '97254c33-49e2-4748-9285-c366d8289793'),
 ('4', '4', 'en_us', '1', 'explore', NULL, '2018-02-28 21:16:20', '2018-02-28 21:16:20', '022cae27-5455-4493-92b4-9d4a0e1f2d6e');



DROP TABLE IF EXISTS `craft_sessions`;


--
-- Schema for table `craft_sessions`
--
CREATE TABLE `craft_sessions` (
  `id` int(11) NOT NULL AUTO_INCREMENT,
  `userId` int(11) NOT NULL,
  `token` char(100) COLLATE utf8_unicode_ci NOT NULL,
  `dateCreated` datetime NOT NULL,
  `dateUpdated` datetime NOT NULL,
  `uid` char(36) COLLATE utf8_unicode_ci NOT NULL DEFAULT '0',
  PRIMARY KEY (`id`),
  KEY `craft_sessions_uid_idx` (`uid`),
  KEY `craft_sessions_token_idx` (`token`),
  KEY `craft_sessions_dateUpdated_idx` (`dateUpdated`),
  KEY `craft_sessions_userId_fk` (`userId`)
) ENGINE=InnoDB AUTO_INCREMENT=9 DEFAULT CHARSET=utf8 COLLATE=utf8_unicode_ci;

DROP TABLE IF EXISTS `craft_shunnedmessages`;


--
-- Schema for table `craft_shunnedmessages`
--
CREATE TABLE `craft_shunnedmessages` (
  `id` int(11) NOT NULL AUTO_INCREMENT,
  `userId` int(11) NOT NULL,
  `message` varchar(255) COLLATE utf8_unicode_ci NOT NULL,
  `expiryDate` datetime DEFAULT NULL,
  `dateCreated` datetime NOT NULL,
  `dateUpdated` datetime NOT NULL,
  `uid` char(36) COLLATE utf8_unicode_ci NOT NULL DEFAULT '0',
  PRIMARY KEY (`id`),
  UNIQUE KEY `craft_shunnedmessages_userId_message_unq_idx` (`userId`,`message`)
) ENGINE=InnoDB DEFAULT CHARSET=utf8 COLLATE=utf8_unicode_ci;

DROP TABLE IF EXISTS `craft_structureelements`;


--
-- Schema for table `craft_structureelements`
--
CREATE TABLE `craft_structureelements` (
  `id` int(11) NOT NULL AUTO_INCREMENT,
  `structureId` int(11) NOT NULL,
  `elementId` int(11) DEFAULT NULL,
  `root` int(11) unsigned DEFAULT NULL,
  `lft` int(11) unsigned NOT NULL,
  `rgt` int(11) unsigned NOT NULL,
  `level` smallint(6) unsigned NOT NULL,
  `dateCreated` datetime NOT NULL,
  `dateUpdated` datetime NOT NULL,
  `uid` char(36) COLLATE utf8_unicode_ci NOT NULL DEFAULT '0',
  PRIMARY KEY (`id`),
  UNIQUE KEY `craft_structureelements_structureId_elementId_unq_idx` (`structureId`,`elementId`),
  KEY `craft_structureelements_root_idx` (`root`),
  KEY `craft_structureelements_lft_idx` (`lft`),
  KEY `craft_structureelements_rgt_idx` (`rgt`),
  KEY `craft_structureelements_level_idx` (`level`),
  KEY `craft_structureelements_elementId_fk` (`elementId`)
) ENGINE=InnoDB DEFAULT CHARSET=utf8 COLLATE=utf8_unicode_ci;

DROP TABLE IF EXISTS `craft_structures`;


--
-- Schema for table `craft_structures`
--
CREATE TABLE `craft_structures` (
  `id` int(11) NOT NULL AUTO_INCREMENT,
  `maxLevels` smallint(6) unsigned DEFAULT NULL,
  `dateCreated` datetime NOT NULL,
  `dateUpdated` datetime NOT NULL,
  `uid` char(36) COLLATE utf8_unicode_ci NOT NULL DEFAULT '0',
  PRIMARY KEY (`id`)
) ENGINE=InnoDB DEFAULT CHARSET=utf8 COLLATE=utf8_unicode_ci;

DROP TABLE IF EXISTS `craft_systemsettings`;


--
-- Schema for table `craft_systemsettings`
--
CREATE TABLE `craft_systemsettings` (
  `id` int(11) NOT NULL AUTO_INCREMENT,
  `category` varchar(15) COLLATE utf8_unicode_ci NOT NULL,
  `settings` text COLLATE utf8_unicode_ci,
  `dateCreated` datetime NOT NULL,
  `dateUpdated` datetime NOT NULL,
  `uid` char(36) COLLATE utf8_unicode_ci NOT NULL DEFAULT '0',
  PRIMARY KEY (`id`),
  UNIQUE KEY `craft_systemsettings_category_unq_idx` (`category`)
) ENGINE=InnoDB AUTO_INCREMENT=2 DEFAULT CHARSET=utf8 COLLATE=utf8_unicode_ci;

--
-- Data for table `craft_systemsettings`
--

INSERT INTO `craft_systemsettings` (`id`, `category`, `settings`, `dateCreated`, `dateUpdated`, `uid`) VALUES
 ('1', 'email', '{\"protocol\":\"php\",\"emailAddress\":\"paul@tripletreellc.com\",\"senderName\":\"Conrad Anker\"}', '2018-02-23 22:54:12', '2018-02-23 22:54:12', '9dddf663-1366-4997-9b73-5ebc0d791c95');



DROP TABLE IF EXISTS `craft_taggroups`;


--
-- Schema for table `craft_taggroups`
--
CREATE TABLE `craft_taggroups` (
  `id` int(11) NOT NULL AUTO_INCREMENT,
  `name` varchar(255) COLLATE utf8_unicode_ci NOT NULL,
  `handle` varchar(255) COLLATE utf8_unicode_ci NOT NULL,
  `fieldLayoutId` int(10) DEFAULT NULL,
  `dateCreated` datetime NOT NULL,
  `dateUpdated` datetime NOT NULL,
  `uid` char(36) COLLATE utf8_unicode_ci NOT NULL DEFAULT '0',
  PRIMARY KEY (`id`),
  UNIQUE KEY `craft_taggroups_name_unq_idx` (`name`),
  UNIQUE KEY `craft_taggroups_handle_unq_idx` (`handle`),
  KEY `craft_taggroups_fieldLayoutId_fk` (`fieldLayoutId`)
) ENGINE=InnoDB AUTO_INCREMENT=2 DEFAULT CHARSET=utf8 COLLATE=utf8_unicode_ci;

--
-- Data for table `craft_taggroups`
--

INSERT INTO `craft_taggroups` (`id`, `name`, `handle`, `fieldLayoutId`, `dateCreated`, `dateUpdated`, `uid`) VALUES
 ('1', 'Default', 'default', '1', '2018-02-23 22:54:12', '2018-02-23 22:54:12', '669ec14e-cb65-4867-a3ad-1ff0cfc3f53a');



DROP TABLE IF EXISTS `craft_tags`;


--
-- Schema for table `craft_tags`
--
CREATE TABLE `craft_tags` (
  `id` int(11) NOT NULL,
  `groupId` int(11) NOT NULL,
  `dateCreated` datetime NOT NULL,
  `dateUpdated` datetime NOT NULL,
  `uid` char(36) COLLATE utf8_unicode_ci NOT NULL DEFAULT '0',
  PRIMARY KEY (`id`),
  KEY `craft_tags_groupId_fk` (`groupId`)
) ENGINE=InnoDB DEFAULT CHARSET=utf8 COLLATE=utf8_unicode_ci;

DROP TABLE IF EXISTS `craft_tasks`;


--
-- Schema for table `craft_tasks`
--
CREATE TABLE `craft_tasks` (
  `id` int(11) NOT NULL AUTO_INCREMENT,
  `root` int(11) unsigned DEFAULT NULL,
  `lft` int(11) unsigned NOT NULL,
  `rgt` int(11) unsigned NOT NULL,
  `level` smallint(6) unsigned NOT NULL,
  `currentStep` int(11) unsigned DEFAULT NULL,
  `totalSteps` int(11) unsigned DEFAULT NULL,
  `status` enum('pending','error','running') COLLATE utf8_unicode_ci DEFAULT NULL,
  `type` varchar(150) COLLATE utf8_unicode_ci NOT NULL,
  `description` varchar(255) COLLATE utf8_unicode_ci DEFAULT NULL,
  `settings` mediumtext COLLATE utf8_unicode_ci,
  `dateCreated` datetime NOT NULL,
  `dateUpdated` datetime NOT NULL,
  `uid` char(36) COLLATE utf8_unicode_ci NOT NULL DEFAULT '0',
  PRIMARY KEY (`id`),
  KEY `craft_tasks_root_idx` (`root`),
  KEY `craft_tasks_lft_idx` (`lft`),
  KEY `craft_tasks_rgt_idx` (`rgt`),
  KEY `craft_tasks_level_idx` (`level`)
) ENGINE=InnoDB AUTO_INCREMENT=16 DEFAULT CHARSET=utf8 COLLATE=utf8_unicode_ci;

DROP TABLE IF EXISTS `craft_templatecachecriteria`;


--
-- Schema for table `craft_templatecachecriteria`
--
CREATE TABLE `craft_templatecachecriteria` (
  `id` int(11) NOT NULL AUTO_INCREMENT,
  `cacheId` int(11) NOT NULL,
  `type` varchar(150) COLLATE utf8_unicode_ci NOT NULL,
  `criteria` text COLLATE utf8_unicode_ci NOT NULL,
  PRIMARY KEY (`id`),
  KEY `craft_templatecachecriteria_cacheId_fk` (`cacheId`),
  KEY `craft_templatecachecriteria_type_idx` (`type`)
) ENGINE=InnoDB DEFAULT CHARSET=utf8 COLLATE=utf8_unicode_ci;

DROP TABLE IF EXISTS `craft_templatecacheelements`;


--
-- Schema for table `craft_templatecacheelements`
--
CREATE TABLE `craft_templatecacheelements` (
  `cacheId` int(11) NOT NULL,
  `elementId` int(11) NOT NULL,
  KEY `craft_templatecacheelements_cacheId_fk` (`cacheId`),
  KEY `craft_templatecacheelements_elementId_fk` (`elementId`)
) ENGINE=InnoDB DEFAULT CHARSET=utf8 COLLATE=utf8_unicode_ci;

DROP TABLE IF EXISTS `craft_templatecaches`;


--
-- Schema for table `craft_templatecaches`
--
CREATE TABLE `craft_templatecaches` (
  `id` int(11) NOT NULL AUTO_INCREMENT,
  `cacheKey` varchar(255) COLLATE utf8_unicode_ci NOT NULL,
  `locale` char(12) COLLATE utf8_unicode_ci NOT NULL,
  `path` varchar(255) COLLATE utf8_unicode_ci DEFAULT NULL,
  `expiryDate` datetime NOT NULL,
  `body` mediumtext COLLATE utf8_unicode_ci NOT NULL,
  PRIMARY KEY (`id`),
  KEY `craft_templatecaches_cacheKey_locale_expiryDate_path_idx` (`cacheKey`,`locale`,`expiryDate`,`path`),
  KEY `craft_templatecaches_cacheKey_locale_expiryDate_idx` (`cacheKey`,`locale`,`expiryDate`),
  KEY `craft_templatecaches_locale_fk` (`locale`)
) ENGINE=InnoDB DEFAULT CHARSET=utf8 COLLATE=utf8_unicode_ci;

DROP TABLE IF EXISTS `craft_tokens`;


--
-- Schema for table `craft_tokens`
--
CREATE TABLE `craft_tokens` (
  `id` int(11) NOT NULL AUTO_INCREMENT,
  `token` char(32) COLLATE utf8_unicode_ci NOT NULL,
  `route` text COLLATE utf8_unicode_ci,
  `usageLimit` tinyint(3) unsigned DEFAULT NULL,
  `usageCount` tinyint(3) unsigned DEFAULT NULL,
  `expiryDate` datetime NOT NULL,
  `dateCreated` datetime NOT NULL,
  `dateUpdated` datetime NOT NULL,
  `uid` char(36) COLLATE utf8_unicode_ci NOT NULL DEFAULT '0',
  PRIMARY KEY (`id`),
  UNIQUE KEY `craft_tokens_token_unq_idx` (`token`),
  KEY `craft_tokens_expiryDate_idx` (`expiryDate`)
) ENGINE=InnoDB DEFAULT CHARSET=utf8 COLLATE=utf8_unicode_ci;

DROP TABLE IF EXISTS `craft_usergroups`;


--
-- Schema for table `craft_usergroups`
--
CREATE TABLE `craft_usergroups` (
  `id` int(11) NOT NULL AUTO_INCREMENT,
  `name` varchar(255) COLLATE utf8_unicode_ci NOT NULL,
  `handle` varchar(255) COLLATE utf8_unicode_ci NOT NULL,
  `dateCreated` datetime NOT NULL,
  `dateUpdated` datetime NOT NULL,
  `uid` char(36) COLLATE utf8_unicode_ci NOT NULL DEFAULT '0',
  PRIMARY KEY (`id`),
  UNIQUE KEY `craft_usergroups_name_unq_idx` (`name`),
  UNIQUE KEY `craft_usergroups_handle_unq_idx` (`handle`)
) ENGINE=InnoDB DEFAULT CHARSET=utf8 COLLATE=utf8_unicode_ci;

DROP TABLE IF EXISTS `craft_usergroups_users`;


--
-- Schema for table `craft_usergroups_users`
--
CREATE TABLE `craft_usergroups_users` (
  `id` int(11) NOT NULL AUTO_INCREMENT,
  `groupId` int(11) NOT NULL,
  `userId` int(11) NOT NULL,
  `dateCreated` datetime NOT NULL,
  `dateUpdated` datetime NOT NULL,
  `uid` char(36) COLLATE utf8_unicode_ci NOT NULL DEFAULT '0',
  PRIMARY KEY (`id`),
  UNIQUE KEY `craft_usergroups_users_groupId_userId_unq_idx` (`groupId`,`userId`),
  KEY `craft_usergroups_users_userId_fk` (`userId`)
) ENGINE=InnoDB DEFAULT CHARSET=utf8 COLLATE=utf8_unicode_ci;

DROP TABLE IF EXISTS `craft_userpermissions`;


--
-- Schema for table `craft_userpermissions`
--
CREATE TABLE `craft_userpermissions` (
  `id` int(11) NOT NULL AUTO_INCREMENT,
  `name` varchar(255) COLLATE utf8_unicode_ci NOT NULL,
  `dateCreated` datetime NOT NULL,
  `dateUpdated` datetime NOT NULL,
  `uid` char(36) COLLATE utf8_unicode_ci NOT NULL DEFAULT '0',
  PRIMARY KEY (`id`),
  UNIQUE KEY `craft_userpermissions_name_unq_idx` (`name`)
) ENGINE=InnoDB DEFAULT CHARSET=utf8 COLLATE=utf8_unicode_ci;

DROP TABLE IF EXISTS `craft_userpermissions_usergroups`;


--
-- Schema for table `craft_userpermissions_usergroups`
--
CREATE TABLE `craft_userpermissions_usergroups` (
  `id` int(11) NOT NULL AUTO_INCREMENT,
  `permissionId` int(11) NOT NULL,
  `groupId` int(11) NOT NULL,
  `dateCreated` datetime NOT NULL,
  `dateUpdated` datetime NOT NULL,
  `uid` char(36) COLLATE utf8_unicode_ci NOT NULL DEFAULT '0',
  PRIMARY KEY (`id`),
  UNIQUE KEY `craft_userpermissions_usergroups_permissionId_groupId_unq_idx` (`permissionId`,`groupId`),
  KEY `craft_userpermissions_usergroups_groupId_fk` (`groupId`)
) ENGINE=InnoDB DEFAULT CHARSET=utf8 COLLATE=utf8_unicode_ci;

DROP TABLE IF EXISTS `craft_userpermissions_users`;


--
-- Schema for table `craft_userpermissions_users`
--
CREATE TABLE `craft_userpermissions_users` (
  `id` int(11) NOT NULL AUTO_INCREMENT,
  `permissionId` int(11) NOT NULL,
  `userId` int(11) NOT NULL,
  `dateCreated` datetime NOT NULL,
  `dateUpdated` datetime NOT NULL,
  `uid` char(36) COLLATE utf8_unicode_ci NOT NULL DEFAULT '0',
  PRIMARY KEY (`id`),
  UNIQUE KEY `craft_userpermissions_users_permissionId_userId_unq_idx` (`permissionId`,`userId`),
  KEY `craft_userpermissions_users_userId_fk` (`userId`)
) ENGINE=InnoDB DEFAULT CHARSET=utf8 COLLATE=utf8_unicode_ci;

DROP TABLE IF EXISTS `craft_users`;


--
-- Schema for table `craft_users`
--
CREATE TABLE `craft_users` (
  `id` int(11) NOT NULL,
  `username` varchar(100) COLLATE utf8_unicode_ci NOT NULL,
  `photo` varchar(100) COLLATE utf8_unicode_ci DEFAULT NULL,
  `firstName` varchar(100) COLLATE utf8_unicode_ci DEFAULT NULL,
  `lastName` varchar(100) COLLATE utf8_unicode_ci DEFAULT NULL,
  `email` varchar(255) COLLATE utf8_unicode_ci NOT NULL,
  `password` char(255) COLLATE utf8_unicode_ci DEFAULT NULL,
  `preferredLocale` char(12) COLLATE utf8_unicode_ci DEFAULT NULL,
  `weekStartDay` tinyint(1) unsigned NOT NULL DEFAULT '0',
  `admin` tinyint(1) unsigned NOT NULL DEFAULT '0',
  `client` tinyint(1) unsigned NOT NULL DEFAULT '0',
  `locked` tinyint(1) unsigned NOT NULL DEFAULT '0',
  `suspended` tinyint(1) unsigned NOT NULL DEFAULT '0',
  `pending` tinyint(1) unsigned NOT NULL DEFAULT '0',
  `archived` tinyint(1) unsigned NOT NULL DEFAULT '0',
  `lastLoginDate` datetime DEFAULT NULL,
  `lastLoginAttemptIPAddress` varchar(45) COLLATE utf8_unicode_ci DEFAULT NULL,
  `invalidLoginWindowStart` datetime DEFAULT NULL,
  `invalidLoginCount` tinyint(4) unsigned DEFAULT NULL,
  `lastInvalidLoginDate` datetime DEFAULT NULL,
  `lockoutDate` datetime DEFAULT NULL,
  `verificationCode` char(100) COLLATE utf8_unicode_ci DEFAULT NULL,
  `verificationCodeIssuedDate` datetime DEFAULT NULL,
  `unverifiedEmail` varchar(255) COLLATE utf8_unicode_ci DEFAULT NULL,
  `passwordResetRequired` tinyint(1) unsigned NOT NULL DEFAULT '0',
  `lastPasswordChangeDate` datetime DEFAULT NULL,
  `dateCreated` datetime NOT NULL,
  `dateUpdated` datetime NOT NULL,
  `uid` char(36) COLLATE utf8_unicode_ci NOT NULL DEFAULT '0',
  PRIMARY KEY (`id`),
  UNIQUE KEY `craft_users_username_unq_idx` (`username`),
  UNIQUE KEY `craft_users_email_unq_idx` (`email`),
  KEY `craft_users_verificationCode_idx` (`verificationCode`),
  KEY `craft_users_uid_idx` (`uid`),
  KEY `craft_users_preferredLocale_fk` (`preferredLocale`)
) ENGINE=InnoDB DEFAULT CHARSET=utf8 COLLATE=utf8_unicode_ci;

--
-- Data for table `craft_users`
--

INSERT INTO `craft_users` (`id`, `username`, `photo`, `firstName`, `lastName`, `email`, `password`, `preferredLocale`, `weekStartDay`, `admin`, `client`, `locked`, `suspended`, `pending`, `archived`, `lastLoginDate`, `lastLoginAttemptIPAddress`, `invalidLoginWindowStart`, `invalidLoginCount`, `lastInvalidLoginDate`, `lockoutDate`, `verificationCode`, `verificationCodeIssuedDate`, `unverifiedEmail`, `passwordResetRequired`, `lastPasswordChangeDate`, `dateCreated`, `dateUpdated`, `uid`) VALUES
 ('1', 'conrad', NULL, NULL, NULL, 'paul@tripletreellc.com', '$2y$13$sj30XZibvGC3sRXMyzL85es5lfEhgv2c0meFHI1fGhDjQDVfM8oU.', NULL, '0', '1', '0', '0', '0', '0', '0', '2018-03-02 17:35:27', '72.175.104.194', NULL, NULL, NULL, NULL, NULL, NULL, NULL, '0', '2018-02-23 22:54:10', '2018-02-23 22:54:10', '2018-03-02 17:35:27', '8ece9d1c-4bf2-4724-bd98-490d0426d049');



DROP TABLE IF EXISTS `craft_widgets`;


--
-- Schema for table `craft_widgets`
--
CREATE TABLE `craft_widgets` (
  `id` int(11) NOT NULL AUTO_INCREMENT,
  `userId` int(11) NOT NULL,
  `type` varchar(150) COLLATE utf8_unicode_ci NOT NULL,
  `sortOrder` smallint(6) unsigned DEFAULT NULL,
  `colspan` tinyint(4) unsigned DEFAULT NULL,
  `settings` text COLLATE utf8_unicode_ci,
  `enabled` tinyint(1) unsigned NOT NULL DEFAULT '1',
  `dateCreated` datetime NOT NULL,
  `dateUpdated` datetime NOT NULL,
  `uid` char(36) COLLATE utf8_unicode_ci NOT NULL DEFAULT '0',
  PRIMARY KEY (`id`),
  KEY `craft_widgets_userId_fk` (`userId`)
) ENGINE=InnoDB AUTO_INCREMENT=5 DEFAULT CHARSET=utf8 COLLATE=utf8_unicode_ci;

--
-- Data for table `craft_widgets`
--

INSERT INTO `craft_widgets` (`id`, `userId`, `type`, `sortOrder`, `colspan`, `settings`, `enabled`, `dateCreated`, `dateUpdated`, `uid`) VALUES
 ('1', '1', 'RecentEntries', '1', NULL, NULL, '1', '2018-02-23 22:54:15', '2018-02-23 22:54:15', '2d70dc41-6af3-4f64-a0d4-4b6249f418c5'),
 ('2', '1', 'GetHelp', '2', NULL, NULL, '1', '2018-02-23 22:54:15', '2018-02-23 22:54:15', '28a78015-30b1-4e1e-9717-a46b241e0aca'),
 ('3', '1', 'Updates', '3', NULL, NULL, '1', '2018-02-23 22:54:15', '2018-02-23 22:54:15', 'b19a74d9-6dc0-45d6-9956-0b85776473e2'),
 ('4', '1', 'Feed', '4', NULL, '{\"url\":\"https:\\/\\/craftcms.com\\/news.rss\",\"title\":\"Craft News\"}', '1', '2018-02-23 22:54:15', '2018-02-23 22:54:15', 'e3ad1f79-5b22-4cae-8b4d-25f5126df32e');


--
-- Constraints for tables
--


--
-- Constraints for table `craft_assetfiles`
--
ALTER TABLE `craft_assetfiles`
	ADD CONSTRAINT `craft_assetfiles_folderId_fk` FOREIGN KEY (`folderId`) REFERENCES `craft_assetfolders` (`id`) ON DELETE CASCADE,
	ADD CONSTRAINT `craft_assetfiles_id_fk` FOREIGN KEY (`id`) REFERENCES `craft_elements` (`id`) ON DELETE CASCADE,
	ADD CONSTRAINT `craft_assetfiles_sourceId_fk` FOREIGN KEY (`sourceId`) REFERENCES `craft_assetsources` (`id`) ON DELETE CASCADE;

--
-- Constraints for table `craft_assetfolders`
--
ALTER TABLE `craft_assetfolders`
	ADD CONSTRAINT `craft_assetfolders_sourceId_fk` FOREIGN KEY (`sourceId`) REFERENCES `craft_assetsources` (`id`) ON DELETE CASCADE,
	ADD CONSTRAINT `craft_assetfolders_parentId_fk` FOREIGN KEY (`parentId`) REFERENCES `craft_assetfolders` (`id`) ON DELETE CASCADE;

--
-- Constraints for table `craft_assetindexdata`
--
ALTER TABLE `craft_assetindexdata`
	ADD CONSTRAINT `craft_assetindexdata_sourceId_fk` FOREIGN KEY (`sourceId`) REFERENCES `craft_assetsources` (`id`) ON DELETE CASCADE;

--
-- Constraints for table `craft_assetsources`
--
ALTER TABLE `craft_assetsources`
	ADD CONSTRAINT `craft_assetsources_fieldLayoutId_fk` FOREIGN KEY (`fieldLayoutId`) REFERENCES `craft_fieldlayouts` (`id`) ON DELETE SET NULL;

--
-- Constraints for table `craft_categories`
--
ALTER TABLE `craft_categories`
	ADD CONSTRAINT `craft_categories_groupId_fk` FOREIGN KEY (`groupId`) REFERENCES `craft_categorygroups` (`id`) ON DELETE CASCADE,
	ADD CONSTRAINT `craft_categories_id_fk` FOREIGN KEY (`id`) REFERENCES `craft_elements` (`id`) ON DELETE CASCADE;

--
-- Constraints for table `craft_categorygroups`
--
ALTER TABLE `craft_categorygroups`
	ADD CONSTRAINT `craft_categorygroups_fieldLayoutId_fk` FOREIGN KEY (`fieldLayoutId`) REFERENCES `craft_fieldlayouts` (`id`) ON DELETE SET NULL,
	ADD CONSTRAINT `craft_categorygroups_structureId_fk` FOREIGN KEY (`structureId`) REFERENCES `craft_structures` (`id`) ON DELETE CASCADE;

--
-- Constraints for table `craft_categorygroups_i18n`
--
ALTER TABLE `craft_categorygroups_i18n`
	ADD CONSTRAINT `craft_categorygroups_i18n_locale_fk` FOREIGN KEY (`locale`) REFERENCES `craft_locales` (`locale`) ON DELETE CASCADE ON UPDATE CASCADE,
	ADD CONSTRAINT `craft_categorygroups_i18n_groupId_fk` FOREIGN KEY (`groupId`) REFERENCES `craft_categorygroups` (`id`) ON DELETE CASCADE;

--
-- Constraints for table `craft_content`
--
ALTER TABLE `craft_content`
	ADD CONSTRAINT `craft_content_elementId_fk` FOREIGN KEY (`elementId`) REFERENCES `craft_elements` (`id`) ON DELETE CASCADE,
	ADD CONSTRAINT `craft_content_locale_fk` FOREIGN KEY (`locale`) REFERENCES `craft_locales` (`locale`) ON DELETE CASCADE ON UPDATE CASCADE;

--
-- Constraints for table `craft_elements_i18n`
--
ALTER TABLE `craft_elements_i18n`
	ADD CONSTRAINT `craft_elements_i18n_locale_fk` FOREIGN KEY (`locale`) REFERENCES `craft_locales` (`locale`) ON DELETE CASCADE ON UPDATE CASCADE,
	ADD CONSTRAINT `craft_elements_i18n_elementId_fk` FOREIGN KEY (`elementId`) REFERENCES `craft_elements` (`id`) ON DELETE CASCADE;

--
-- Constraints for table `craft_emailmessages`
--
ALTER TABLE `craft_emailmessages`
	ADD CONSTRAINT `craft_emailmessages_locale_fk` FOREIGN KEY (`locale`) REFERENCES `craft_locales` (`locale`) ON DELETE CASCADE ON UPDATE CASCADE;

--
-- Constraints for table `craft_entries`
--
ALTER TABLE `craft_entries`
	ADD CONSTRAINT `craft_entries_authorId_fk` FOREIGN KEY (`authorId`) REFERENCES `craft_users` (`id`) ON DELETE CASCADE,
	ADD CONSTRAINT `craft_entries_id_fk` FOREIGN KEY (`id`) REFERENCES `craft_elements` (`id`) ON DELETE CASCADE,
	ADD CONSTRAINT `craft_entries_sectionId_fk` FOREIGN KEY (`sectionId`) REFERENCES `craft_sections` (`id`) ON DELETE CASCADE,
	ADD CONSTRAINT `craft_entries_typeId_fk` FOREIGN KEY (`typeId`) REFERENCES `craft_entrytypes` (`id`) ON DELETE CASCADE;

--
-- Constraints for table `craft_entrydrafts`
--
ALTER TABLE `craft_entrydrafts`
	ADD CONSTRAINT `craft_entrydrafts_locale_fk` FOREIGN KEY (`locale`) REFERENCES `craft_locales` (`locale`) ON DELETE CASCADE ON UPDATE CASCADE,
	ADD CONSTRAINT `craft_entrydrafts_creatorId_fk` FOREIGN KEY (`creatorId`) REFERENCES `craft_users` (`id`) ON DELETE CASCADE,
	ADD CONSTRAINT `craft_entrydrafts_entryId_fk` FOREIGN KEY (`entryId`) REFERENCES `craft_entries` (`id`) ON DELETE CASCADE,
	ADD CONSTRAINT `craft_entrydrafts_sectionId_fk` FOREIGN KEY (`sectionId`) REFERENCES `craft_sections` (`id`) ON DELETE CASCADE;

--
-- Constraints for table `craft_entrytypes`
--
ALTER TABLE `craft_entrytypes`
	ADD CONSTRAINT `craft_entrytypes_fieldLayoutId_fk` FOREIGN KEY (`fieldLayoutId`) REFERENCES `craft_fieldlayouts` (`id`) ON DELETE SET NULL,
	ADD CONSTRAINT `craft_entrytypes_sectionId_fk` FOREIGN KEY (`sectionId`) REFERENCES `craft_sections` (`id`) ON DELETE CASCADE;

--
-- Constraints for table `craft_entryversions`
--
ALTER TABLE `craft_entryversions`
	ADD CONSTRAINT `craft_entryversions_locale_fk` FOREIGN KEY (`locale`) REFERENCES `craft_locales` (`locale`) ON DELETE CASCADE ON UPDATE CASCADE,
	ADD CONSTRAINT `craft_entryversions_creatorId_fk` FOREIGN KEY (`creatorId`) REFERENCES `craft_users` (`id`) ON DELETE SET NULL,
	ADD CONSTRAINT `craft_entryversions_entryId_fk` FOREIGN KEY (`entryId`) REFERENCES `craft_entries` (`id`) ON DELETE CASCADE,
	ADD CONSTRAINT `craft_entryversions_sectionId_fk` FOREIGN KEY (`sectionId`) REFERENCES `craft_sections` (`id`) ON DELETE CASCADE;

--
-- Constraints for table `craft_fieldlayoutfields`
--
ALTER TABLE `craft_fieldlayoutfields`
	ADD CONSTRAINT `craft_fieldlayoutfields_fieldId_fk` FOREIGN KEY (`fieldId`) REFERENCES `craft_fields` (`id`) ON DELETE CASCADE,
	ADD CONSTRAINT `craft_fieldlayoutfields_layoutId_fk` FOREIGN KEY (`layoutId`) REFERENCES `craft_fieldlayouts` (`id`) ON DELETE CASCADE,
	ADD CONSTRAINT `craft_fieldlayoutfields_tabId_fk` FOREIGN KEY (`tabId`) REFERENCES `craft_fieldlayouttabs` (`id`) ON DELETE CASCADE;

--
-- Constraints for table `craft_fieldlayouttabs`
--
ALTER TABLE `craft_fieldlayouttabs`
	ADD CONSTRAINT `craft_fieldlayouttabs_layoutId_fk` FOREIGN KEY (`layoutId`) REFERENCES `craft_fieldlayouts` (`id`) ON DELETE CASCADE;

--
-- Constraints for table `craft_fields`
--
ALTER TABLE `craft_fields`
	ADD CONSTRAINT `craft_fields_groupId_fk` FOREIGN KEY (`groupId`) REFERENCES `craft_fieldgroups` (`id`) ON DELETE CASCADE;

--
-- Constraints for table `craft_globalsets`
--
ALTER TABLE `craft_globalsets`
	ADD CONSTRAINT `craft_globalsets_fieldLayoutId_fk` FOREIGN KEY (`fieldLayoutId`) REFERENCES `craft_fieldlayouts` (`id`) ON DELETE SET NULL,
	ADD CONSTRAINT `craft_globalsets_id_fk` FOREIGN KEY (`id`) REFERENCES `craft_elements` (`id`) ON DELETE CASCADE;

--
-- Constraints for table `craft_matrixblocks`
--
ALTER TABLE `craft_matrixblocks`
	ADD CONSTRAINT `craft_matrixblocks_typeId_fk` FOREIGN KEY (`typeId`) REFERENCES `craft_matrixblocktypes` (`id`) ON DELETE CASCADE,
	ADD CONSTRAINT `craft_matrixblocks_fieldId_fk` FOREIGN KEY (`fieldId`) REFERENCES `craft_fields` (`id`) ON DELETE CASCADE,
	ADD CONSTRAINT `craft_matrixblocks_id_fk` FOREIGN KEY (`id`) REFERENCES `craft_elements` (`id`) ON DELETE CASCADE,
	ADD CONSTRAINT `craft_matrixblocks_ownerId_fk` FOREIGN KEY (`ownerId`) REFERENCES `craft_elements` (`id`) ON DELETE CASCADE,
	ADD CONSTRAINT `craft_matrixblocks_ownerLocale_fk` FOREIGN KEY (`ownerLocale`) REFERENCES `craft_locales` (`locale`) ON DELETE CASCADE ON UPDATE CASCADE;

--
-- Constraints for table `craft_matrixblocktypes`
--
ALTER TABLE `craft_matrixblocktypes`
	ADD CONSTRAINT `craft_matrixblocktypes_fieldLayoutId_fk` FOREIGN KEY (`fieldLayoutId`) REFERENCES `craft_fieldlayouts` (`id`) ON DELETE SET NULL,
	ADD CONSTRAINT `craft_matrixblocktypes_fieldId_fk` FOREIGN KEY (`fieldId`) REFERENCES `craft_fields` (`id`) ON DELETE CASCADE;

--
-- Constraints for table `craft_matrixcontent_advocacyorganizations`
--
ALTER TABLE `craft_matrixcontent_advocacyorganizations`
	ADD CONSTRAINT `craft_matrixcontent_advocacyorganizations_elementId_fk` FOREIGN KEY (`elementId`) REFERENCES `craft_elements` (`id`) ON DELETE CASCADE,
	ADD CONSTRAINT `craft_matrixcontent_advocacyorganizations_locale_fk` FOREIGN KEY (`locale`) REFERENCES `craft_locales` (`locale`) ON DELETE CASCADE ON UPDATE CASCADE;

--
-- Constraints for table `craft_matrixcontent_coordinates`
--
ALTER TABLE `craft_matrixcontent_coordinates`
	ADD CONSTRAINT `craft_matrixcontent_coordinates_elementId_fk` FOREIGN KEY (`elementId`) REFERENCES `craft_elements` (`id`) ON DELETE CASCADE,
	ADD CONSTRAINT `craft_matrixcontent_coordinates_locale_fk` FOREIGN KEY (`locale`) REFERENCES `craft_locales` (`locale`) ON DELETE CASCADE ON UPDATE CASCADE;

--
-- Constraints for table `craft_matrixcontent_history`
--
ALTER TABLE `craft_matrixcontent_history`
	ADD CONSTRAINT `craft_matrixcontent_history_elementId_fk` FOREIGN KEY (`elementId`) REFERENCES `craft_elements` (`id`) ON DELETE CASCADE,
	ADD CONSTRAINT `craft_matrixcontent_history_locale_fk` FOREIGN KEY (`locale`) REFERENCES `craft_locales` (`locale`) ON DELETE CASCADE ON UPDATE CASCADE;

--
-- Constraints for table `craft_matrixcontent_press`
--
ALTER TABLE `craft_matrixcontent_press`
	ADD CONSTRAINT `craft_matrixcontent_press_elementId_fk` FOREIGN KEY (`elementId`) REFERENCES `craft_elements` (`id`) ON DELETE CASCADE,
	ADD CONSTRAINT `craft_matrixcontent_press_locale_fk` FOREIGN KEY (`locale`) REFERENCES `craft_locales` (`locale`) ON DELETE CASCADE ON UPDATE CASCADE;

--
-- Constraints for table `craft_matrixcontent_recentexpeditions`
--
ALTER TABLE `craft_matrixcontent_recentexpeditions`
	ADD CONSTRAINT `craft_matrixcontent_recentexpeditions_elementId_fk` FOREIGN KEY (`elementId`) REFERENCES `craft_elements` (`id`) ON DELETE CASCADE,
	ADD CONSTRAINT `craft_matrixcontent_recentexpeditions_locale_fk` FOREIGN KEY (`locale`) REFERENCES `craft_locales` (`locale`) ON DELETE CASCADE ON UPDATE CASCADE;

--
-- Constraints for table `craft_matrixcontent_speeches`
--
ALTER TABLE `craft_matrixcontent_speeches`
	ADD CONSTRAINT `craft_matrixcontent_speeches_elementId_fk` FOREIGN KEY (`elementId`) REFERENCES `craft_elements` (`id`) ON DELETE CASCADE,
	ADD CONSTRAINT `craft_matrixcontent_speeches_locale_fk` FOREIGN KEY (`locale`) REFERENCES `craft_locales` (`locale`) ON DELETE CASCADE ON UPDATE CASCADE;

--
-- Constraints for table `craft_matrixcontent_sponsors`
--
ALTER TABLE `craft_matrixcontent_sponsors`
	ADD CONSTRAINT `craft_matrixcontent_sponsors_elementId_fk` FOREIGN KEY (`elementId`) REFERENCES `craft_elements` (`id`) ON DELETE CASCADE,
	ADD CONSTRAINT `craft_matrixcontent_sponsors_locale_fk` FOREIGN KEY (`locale`) REFERENCES `craft_locales` (`locale`) ON DELETE CASCADE ON UPDATE CASCADE;

--
-- Constraints for table `craft_matrixcontent_teammates`
--
ALTER TABLE `craft_matrixcontent_teammates`
	ADD CONSTRAINT `craft_matrixcontent_teammates_elementId_fk` FOREIGN KEY (`elementId`) REFERENCES `craft_elements` (`id`) ON DELETE CASCADE,
	ADD CONSTRAINT `craft_matrixcontent_teammates_locale_fk` FOREIGN KEY (`locale`) REFERENCES `craft_locales` (`locale`) ON DELETE CASCADE ON UPDATE CASCADE;

--
-- Constraints for table `craft_matrixcontent_testimonials`
--
ALTER TABLE `craft_matrixcontent_testimonials`
	ADD CONSTRAINT `craft_matrixcontent_testimonials_elementId_fk` FOREIGN KEY (`elementId`) REFERENCES `craft_elements` (`id`) ON DELETE CASCADE,
	ADD CONSTRAINT `craft_matrixcontent_testimonials_locale_fk` FOREIGN KEY (`locale`) REFERENCES `craft_locales` (`locale`) ON DELETE CASCADE ON UPDATE CASCADE;

--
-- Constraints for table `craft_migrations`
--
ALTER TABLE `craft_migrations`
	ADD CONSTRAINT `craft_migrations_pluginId_fk` FOREIGN KEY (`pluginId`) REFERENCES `craft_plugins` (`id`) ON DELETE CASCADE;

--
-- Constraints for table `craft_relations`
--
ALTER TABLE `craft_relations`
	ADD CONSTRAINT `craft_relations_targetId_fk` FOREIGN KEY (`targetId`) REFERENCES `craft_elements` (`id`) ON DELETE CASCADE,
	ADD CONSTRAINT `craft_relations_fieldId_fk` FOREIGN KEY (`fieldId`) REFERENCES `craft_fields` (`id`) ON DELETE CASCADE,
	ADD CONSTRAINT `craft_relations_sourceId_fk` FOREIGN KEY (`sourceId`) REFERENCES `craft_elements` (`id`) ON DELETE CASCADE,
	ADD CONSTRAINT `craft_relations_sourceLocale_fk` FOREIGN KEY (`sourceLocale`) REFERENCES `craft_locales` (`locale`) ON DELETE CASCADE ON UPDATE CASCADE;

--
-- Constraints for table `craft_routes`
--
ALTER TABLE `craft_routes`
	ADD CONSTRAINT `craft_routes_locale_fk` FOREIGN KEY (`locale`) REFERENCES `craft_locales` (`locale`) ON DELETE CASCADE ON UPDATE CASCADE;

--
-- Constraints for table `craft_sections`
--
ALTER TABLE `craft_sections`
	ADD CONSTRAINT `craft_sections_structureId_fk` FOREIGN KEY (`structureId`) REFERENCES `craft_structures` (`id`) ON DELETE SET NULL;

--
-- Constraints for table `craft_sections_i18n`
--
ALTER TABLE `craft_sections_i18n`
	ADD CONSTRAINT `craft_sections_i18n_locale_fk` FOREIGN KEY (`locale`) REFERENCES `craft_locales` (`locale`) ON DELETE CASCADE ON UPDATE CASCADE,
	ADD CONSTRAINT `craft_sections_i18n_sectionId_fk` FOREIGN KEY (`sectionId`) REFERENCES `craft_sections` (`id`) ON DELETE CASCADE;

--
-- Constraints for table `craft_sessions`
--
ALTER TABLE `craft_sessions`
	ADD CONSTRAINT `craft_sessions_userId_fk` FOREIGN KEY (`userId`) REFERENCES `craft_users` (`id`) ON DELETE CASCADE;

--
-- Constraints for table `craft_shunnedmessages`
--
ALTER TABLE `craft_shunnedmessages`
	ADD CONSTRAINT `craft_shunnedmessages_userId_fk` FOREIGN KEY (`userId`) REFERENCES `craft_users` (`id`) ON DELETE CASCADE;

--
-- Constraints for table `craft_structureelements`
--
ALTER TABLE `craft_structureelements`
	ADD CONSTRAINT `craft_structureelements_elementId_fk` FOREIGN KEY (`elementId`) REFERENCES `craft_elements` (`id`) ON DELETE CASCADE,
	ADD CONSTRAINT `craft_structureelements_structureId_fk` FOREIGN KEY (`structureId`) REFERENCES `craft_structures` (`id`) ON DELETE CASCADE;

--
-- Constraints for table `craft_taggroups`
--
ALTER TABLE `craft_taggroups`
	ADD CONSTRAINT `craft_taggroups_fieldLayoutId_fk` FOREIGN KEY (`fieldLayoutId`) REFERENCES `craft_fieldlayouts` (`id`) ON DELETE SET NULL;

--
-- Constraints for table `craft_tags`
--
ALTER TABLE `craft_tags`
	ADD CONSTRAINT `craft_tags_groupId_fk` FOREIGN KEY (`groupId`) REFERENCES `craft_taggroups` (`id`) ON DELETE CASCADE,
	ADD CONSTRAINT `craft_tags_id_fk` FOREIGN KEY (`id`) REFERENCES `craft_elements` (`id`) ON DELETE CASCADE;

--
-- Constraints for table `craft_templatecachecriteria`
--
ALTER TABLE `craft_templatecachecriteria`
	ADD CONSTRAINT `craft_templatecachecriteria_cacheId_fk` FOREIGN KEY (`cacheId`) REFERENCES `craft_templatecaches` (`id`) ON DELETE CASCADE;

--
-- Constraints for table `craft_templatecacheelements`
--
ALTER TABLE `craft_templatecacheelements`
	ADD CONSTRAINT `craft_templatecacheelements_elementId_fk` FOREIGN KEY (`elementId`) REFERENCES `craft_elements` (`id`) ON DELETE CASCADE,
	ADD CONSTRAINT `craft_templatecacheelements_cacheId_fk` FOREIGN KEY (`cacheId`) REFERENCES `craft_templatecaches` (`id`) ON DELETE CASCADE;

--
-- Constraints for table `craft_templatecaches`
--
ALTER TABLE `craft_templatecaches`
	ADD CONSTRAINT `craft_templatecaches_locale_fk` FOREIGN KEY (`locale`) REFERENCES `craft_locales` (`locale`) ON DELETE CASCADE ON UPDATE CASCADE;

--
-- Constraints for table `craft_usergroups_users`
--
ALTER TABLE `craft_usergroups_users`
	ADD CONSTRAINT `craft_usergroups_users_userId_fk` FOREIGN KEY (`userId`) REFERENCES `craft_users` (`id`) ON DELETE CASCADE,
	ADD CONSTRAINT `craft_usergroups_users_groupId_fk` FOREIGN KEY (`groupId`) REFERENCES `craft_usergroups` (`id`) ON DELETE CASCADE;

--
-- Constraints for table `craft_userpermissions_usergroups`
--
ALTER TABLE `craft_userpermissions_usergroups`
	ADD CONSTRAINT `craft_userpermissions_usergroups_groupId_fk` FOREIGN KEY (`groupId`) REFERENCES `craft_usergroups` (`id`) ON DELETE CASCADE,
	ADD CONSTRAINT `craft_userpermissions_usergroups_permissionId_fk` FOREIGN KEY (`permissionId`) REFERENCES `craft_userpermissions` (`id`) ON DELETE CASCADE;

--
-- Constraints for table `craft_userpermissions_users`
--
ALTER TABLE `craft_userpermissions_users`
	ADD CONSTRAINT `craft_userpermissions_users_userId_fk` FOREIGN KEY (`userId`) REFERENCES `craft_users` (`id`) ON DELETE CASCADE,
	ADD CONSTRAINT `craft_userpermissions_users_permissionId_fk` FOREIGN KEY (`permissionId`) REFERENCES `craft_userpermissions` (`id`) ON DELETE CASCADE;

--
-- Constraints for table `craft_users`
--
ALTER TABLE `craft_users`
	ADD CONSTRAINT `craft_users_preferredLocale_fk` FOREIGN KEY (`preferredLocale`) REFERENCES `craft_locales` (`locale`) ON DELETE SET NULL ON UPDATE CASCADE,
	ADD CONSTRAINT `craft_users_id_fk` FOREIGN KEY (`id`) REFERENCES `craft_elements` (`id`) ON DELETE CASCADE;

--
-- Constraints for table `craft_widgets`
--
ALTER TABLE `craft_widgets`
	ADD CONSTRAINT `craft_widgets_userId_fk` FOREIGN KEY (`userId`) REFERENCES `craft_users` (`id`) ON DELETE CASCADE;

SET FOREIGN_KEY_CHECKS = 1;
